User_id,Username,Full_name,private_id,verifield_id,profile_picture,profile_pic_id,profile_pic_url
12026957,nbcthevoice,NBC's The Voice,False,,False,3823814723591502682_12026957,https://instagram.fcai19-8.fna.fbcdn.net/v/t51.82787-19/625414390_18553141624058958_624910994773504996_n.jpg?stp=dst-jpg_s150x150_tt6&efg=eyJ2ZW5jb2RlX3RhZyI6InByb2ZpbGVfcGljLmRqYW5nby4xMDgwLmMyIn0&_nc_ht=instagram.fcai19-8.fna.fbcdn.net&_nc_cat=1&_nc_oc=Q6cZ2gEc2IuhVJWfjY91cGk214J1H5ZbgzIfin1KV0Zr_rxitr9ddcTowQqbpG0YdVdMGmk&_nc_ohc=USW-obrhpooQ7kNvwFAlq2Q&_nc_gid=wD_gd8U74ZPMkzPstE5UUw&edm=ALB854YBAAAA&ccb=7-5&oh=00_AQFb1nz-naU-Ph6Ad6dLrRJDm6P_Uor6TU8eHB6a4pTjvA&oe=6A78E3D0&_nc_sid=ce9561
334820436,rileyduckman,Riley Green,False,,False,3900131886006700794_334820436,https://instagram.fcai19-8.fna.fbcdn.net/v/t51.82787-19/683659891_18585619807036437_7874476211747987546_n.jpg?stp=dst-jpg_s150x150_tt6&efg=eyJ2ZW5jb2RlX3RhZyI6InByb2ZpbGVfcGljLmRqYW5nby4xMDgwLmMyIn0&_nc_ht=instagram.fcai19-8.fna.fbcdn.net&_nc_cat=1&_nc_oc=Q6cZ2gEc2IuhVJWfjY91cGk214J1H5ZbgzIfin1KV0Zr_rxitr9ddcTowQqbpG0YdVdMGmk&_nc_ohc=s0rwRllTvrwQ7kNvwFsHVsw&_nc_gid=wD_gd8U74ZPMkzPstE5UUw&edm=ALB854YBAAAA&ccb=7-5&oh=00_AQFDueAtnarm_OD5ECXGWFfpCWi7QLz7xQff7Q-eEPhFFQ&oe=6A78DDC6&_nc_sid=ce9561
187730188,carsondaly,Carson Daly,False,,False,3852614556741703772_187730188,https://instagram.fcai19-8.fna.fbcdn.net/v/t51.82787-19/652014807_18572892847018189_7541735620889354278_n.jpg?stp=dst-jpg_s150x150_tt6&efg=eyJ2ZW5jb2RlX3RhZyI6InByb2ZpbGVfcGljLmRqYW5nby4xMDgwLmMyIn0&_nc_ht=instagram.fcai19-8.fna.fbcdn.net&_nc_cat=1&_nc_oc=Q6cZ2gEc2IuhVJWfjY91cGk214J1H5ZbgzIfin1KV0Zr_rxitr9ddcTowQqbpG0YdVdMGmk&_nc_ohc=eQwmpKM5nqEQ7kNvwE5ndQu&_nc_gid=wD_gd8U74ZPMkzPstE5UUw&edm=ALB854YBAAAA&ccb=7-5&oh=00_AQF1NfuXddJT0HFPyCSvwk0kpxz7KcrK061HRuXWitnLdg&oe=6A78E255&_nc_sid=ce9561
12638951020,tenisha.ward,Tenisha Ward,False,,False,3941441033175970742_12638951020,https://instagram.fcai19-8.fna.fbcdn.net/v/t51.82787-19/744784261_18175250137423021_5762948132711275022_n.jpg?stp=dst-jpg_s150x150_tt6&efg=eyJ2ZW5jb2RlX3RhZyI6InByb2ZpbGVfcGljLmRqYW5nby4xMDI0LmMyIn0&_nc_ht=instagram.fcai19-8.fna.fbcdn.net&_nc_cat=1&_nc_oc=Q6cZ2gEc2IuhVJWfjY91cGk214J1H5ZbgzIfin1KV0Zr_rxitr9ddcTowQqbpG0YdVdMGmk&_nc_ohc=dEA8A_hRKDMQ7kNvwELUXgt&_nc_gid=wD_gd8U74ZPMkzPstE5UUw&edm=ALB854YBAAAA&ccb=7-5&oh=00_AQF9iCrnqmlfl0lsmrY2EKY3ij_jIxlntBso_VWdJZx9wQ&oe=6A78EC36&_nc_sid=ce9561
20719253,latearriving,kelsey,True,,False,3938255492330841359_20719253,https://instagram.fcai19-8.fna.fbcdn.net/v/t51.82787-19/744741149_18607781605047254_4582512412222367698_n.jpg?stp=dst-jpg_s150x150_tt6&efg=eyJ2ZW5jb2RlX3RhZyI6InByb2ZpbGVfcGljLmRqYW5nby44MjguYzIifQ&_nc_ht=instagram.fcai19-8.fna.fbcdn.net&_nc_cat=102&_nc_oc=Q6cZ2gEc2IuhVJWfjY91cGk214J1H5ZbgzIfin1KV0Zr_rxitr9ddcTowQqbpG0YdVdMGmk&_nc_ohc=l-iDvTOz8hEQ7kNvwFUwh_v&_nc_gid=wD_gd8U74ZPMkzPstE5UUw&edm=ALB854YBAAAA&ccb=7-5&oh=00_AQEGOjIzPE--M1zvRa_E52psQ5O9_G5ePJEYW7bPTg7jDg&oe=6A78BDD5&_nc_sid=ce9561
27781019,chrissylampkin,Chrissy Lampkin,False,,False,1357661183771726089_27781019,https://instagram.fcai19-8.fna.fbcdn.net/v/t51.2885-19/14676761_894631060670463_6836342897227333632_a.jpg?stp=dst-jpg_s150x150_tt6&efg=eyJ2ZW5jb2RlX3RhZyI6InByb2ZpbGVfcGljLmRqYW5nby43NTAuYzIifQ&_nc_ht=instagram.fcai19-8.fna.fbcdn.net&_nc_cat=103&_nc_oc=Q6cZ2gEc2IuhVJWfjY91cGk214J1H5ZbgzIfin1KV0Zr_rxitr9ddcTowQqbpG0YdVdMGmk&_nc_ohc=LNEr8TXo61QQ7kNvwHn1209&_nc_gid=wD_gd8U74ZPMkzPstE5UUw&edm=ALB854YBAAAA&ccb=7-5&oh=00_AQFUSrKSoPSKxt41-gI1VOe-HhhSZyDeKp6WsxcsREPhpw&oe=6A78F10E&_nc_sid=ce9561
28732113991,condsty,Christoph Brückner,False,,False,2237167008663500002_28732113991,https://instagram.fcai19-8.fna.fbcdn.net/v/t51.2885-19/82990095_497551821170160_438395442275811328_n.jpg?stp=dst-jpg_s150x150_tt6&efg=eyJ2ZW5jb2RlX3RhZyI6InByb2ZpbGVfcGljLmRqYW5nby4xMDgwLmMyIn0&_nc_ht=instagram.fcai19-8.fna.fbcdn.net&_nc_cat=100&_nc_oc=Q6cZ2gEc2IuhVJWfjY91cGk214J1H5ZbgzIfin1KV0Zr_rxitr9ddcTowQqbpG0YdVdMGmk&_nc_ohc=pG6S50xuyVgQ7kNvwEv2lX1&_nc_gid=wD_gd8U74ZPMkzPstE5UUw&edm=ALB854YBAAAA&ccb=7-5&oh=00_AQGpcY0SMZwlyU0041A6j2nBFvMFt7Iuh0bX1eSEgiPtnA&oe=6A78BD59&_nc_sid=ce9561
503285615,devonrodriguezart,Devon Rodriguez,False,,False,3841863768536611070_503285615,https://instagram.fcai19-8.fna.fbcdn.net/v/t51.82787-19/642225021_18571490137053616_5540614495209261856_n.jpg?stp=dst-jpg_s150x150_tt6&efg=eyJ2ZW5jb2RlX3RhZyI6InByb2ZpbGVfcGljLmRqYW5nby43OTkuYzIifQ&_nc_ht=instagram.fcai19-8.fna.fbcdn.net&_nc_cat=104&_nc_oc=Q6cZ2gEc2IuhVJWfjY91cGk214J1H5ZbgzIfin1KV0Zr_rxitr9ddcTowQqbpG0YdVdMGmk&_nc_ohc=442AnHunmPYQ7kNvwH5tNs5&_nc_gid=wD_gd8U74ZPMkzPstE5UUw&edm=ALB854YBAAAA&ccb=7-5&oh=00_AQExMgChWmaNZINSj1Z7bV56vXNPprmW8cLxrhQFU5a8eQ&oe=6A78BC44&_nc_sid=ce9561
32510844,taylenbiggs,Taylen Biggs®️,False,,False,3539677711850585506_32510844,https://instagram.fcai19-8.fna.fbcdn.net/v/t51.2885-19/472861377_3942542342689493_6262092439385067964_n.jpg?stp=dst-jpg_s150x150_tt6&efg=eyJ2ZW5jb2RlX3RhZyI6InByb2ZpbGVfcGljLmRqYW5nby43NjguYzIifQ&_nc_ht=instagram.fcai19-8.fna.fbcdn.net&_nc_cat=105&_nc_oc=Q6cZ2gEc2IuhVJWfjY91cGk214J1H5ZbgzIfin1KV0Zr_rxitr9ddcTowQqbpG0YdVdMGmk&_nc_ohc=tRSWdAZySycQ7kNvwE4ktYv&_nc_gid=wD_gd8U74ZPMkzPstE5UUw&edm=ALB854YBAAAA&ccb=7-5&oh=00_AQEfXAXpUXW2xt6vjDeUao0dCBaQFZjP2YLJxZyo66WJNw&oe=6A78DF07&_nc_sid=ce9561
4818967,_dr_woo_,Doc Woo,False,,False,2781097456126259817_4818967,https://instagram.fcai19-8.fna.fbcdn.net/v/t51.2885-19/274493396_5477625535598436_9124379525936163612_n.jpg?stp=dst-jpg_s150x150_tt6&efg=eyJ2ZW5jb2RlX3RhZyI6InByb2ZpbGVfcGljLmRqYW5nby4xMDM2LmMyIn0&_nc_ht=instagram.fcai19-8.fna.fbcdn.net&_nc_cat=100&_nc_oc=Q6cZ2gEc2IuhVJWfjY91cGk214J1H5ZbgzIfin1KV0Zr_rxitr9ddcTowQqbpG0YdVdMGmk&_nc_ohc=VDYc2z9W7fgQ7kNvwHyBQpK&_nc_gid=wD_gd8U74ZPMkzPstE5UUw&edm=ALB854YBAAAA&ccb=7-5&oh=00_AQGCU_yiDESSVDFbu7hWIPxkyIGAJ_5kuob3LRh-As8AGg&oe=6A78DF28&_nc_sid=ce9561
72745305933,kira_asana,Kira,False,,False,3905941403827073734_72745305933,https://instagram.fcai19-8.fna.fbcdn.net/v/t51.82787-19/706850701_17905444650425934_5471148246720201539_n.jpg?stp=dst-jpg_s150x150_tt6&efg=eyJ2ZW5jb2RlX3RhZyI6InByb2ZpbGVfcGljLmRqYW5nby4xMDgwLmMyIn0&_nc_ht=instagram.fcai19-8.fna.fbcdn.net&_nc_cat=106&_nc_oc=Q6cZ2gEc2IuhVJWfjY91cGk214J1H5ZbgzIfin1KV0Zr_rxitr9ddcTowQqbpG0YdVdMGmk&_nc_ohc=zYnjx4e7xvYQ7kNvwFaQvOJ&_nc_gid=wD_gd8U74ZPMkzPstE5UUw&edm=ALB854YBAAAA&ccb=7-5&oh=00_AQFQbKEfT7fFUryihDqreeAMSdvwtb6HCw5BV1rxzLXogg&oe=6A78BAE7&_nc_sid=ce9561
18100510,fallontonight,The Tonight Show,False,,False,3921177327241659696_18100510,https://instagram.fcai19-8.fna.fbcdn.net/v/t51.82787-19/723066839_18604113628052511_8420386490684921619_n.jpg?stp=dst-jpg_s150x150_tt6&efg=eyJ2ZW5jb2RlX3RhZyI6InByb2ZpbGVfcGljLmRqYW5nby44MDAuYzIifQ&_nc_ht=instagram.fcai19-8.fna.fbcdn.net&_nc_cat=1&_nc_oc=Q6cZ2gEc2IuhVJWfjY91cGk214J1H5ZbgzIfin1KV0Zr_rxitr9ddcTowQqbpG0YdVdMGmk&_nc_ohc=nVPpwuPLpsgQ7kNvwFzEy0i&_nc_gid=wD_gd8U74ZPMkzPstE5UUw&edm=ALB854YBAAAA&ccb=7-5&oh=00_AQEzrLNUWjRRZNtIfLkYT67IZnGpGF_ORAbi9P4FIke8FA&oe=6A78CCD9&_nc_sid=ce9561
7135867715,carmyhairtutorial,Carmyhairtutorial,False,,False,3634618572622984659_7135867715,https://instagram.fcai19-8.fna.fbcdn.net/v/t51.2885-19/497858652_18311530189235716_4459792100891918461_n.jpg?stp=dst-jpg_s150x150_tt6&efg=eyJ2ZW5jb2RlX3RhZyI6InByb2ZpbGVfcGljLmRqYW5nby4xMDgwLmMyIn0&_nc_ht=instagram.fcai19-8.fna.fbcdn.net&_nc_cat=104&_nc_oc=Q6cZ2gEc2IuhVJWfjY91cGk214J1H5ZbgzIfin1KV0Zr_rxitr9ddcTowQqbpG0YdVdMGmk&_nc_ohc=DaClsdOTKL0Q7kNvwHxl2O7&_nc_gid=wD_gd8U74ZPMkzPstE5UUw&edm=ALB854YBAAAA&ccb=7-5&oh=00_AQENJG2pUuF8Cd6b0NlOpUsem04mqozgeRqLIg_VSj8pFQ&oe=6A78E694&_nc_sid=ce9561
2066854691,ire_fitmotivation,Ire Wardlaw,False,,False,3739371335772594372_2066854691,https://instagram.fcai19-8.fna.fbcdn.net/v/t51.82787-19/560997669_18508160224070692_5123754693930114780_n.jpg?stp=dst-jpg_s150x150_tt6&efg=eyJ2ZW5jb2RlX3RhZyI6InByb2ZpbGVfcGljLmRqYW5nby4xMDgwLmMyIn0&_nc_ht=instagram.fcai19-8.fna.fbcdn.net&_nc_cat=104&_nc_oc=Q6cZ2gEc2IuhVJWfjY91cGk214J1H5ZbgzIfin1KV0Zr_rxitr9ddcTowQqbpG0YdVdMGmk&_nc_ohc=vBUFKTzfK58Q7kNvwFxOTMx&_nc_gid=wD_gd8U74ZPMkzPstE5UUw&edm=ALB854YBAAAA&ccb=7-5&oh=00_AQFD5VN-t7tldJETNDpG7I8iv6yQcgGZI8n5mnmezuJcOQ&oe=6A78EB94&_nc_sid=ce9561
77313745430,kris10fit,Kristen Martyka,False,,False,3773177617710201851_77313745430,https://instagram.fcai19-8.fna.fbcdn.net/v/t51.82787-19/587699696_17854051854577431_8460108530297092747_n.jpg?stp=dst-jpg_s150x150_tt6&efg=eyJ2ZW5jb2RlX3RhZyI6InByb2ZpbGVfcGljLmRqYW5nby4xMDgwLmMyIn0&_nc_ht=instagram.fcai19-8.fna.fbcdn.net&_nc_cat=103&_nc_oc=Q6cZ2gEc2IuhVJWfjY91cGk214J1H5ZbgzIfin1KV0Zr_rxitr9ddcTowQqbpG0YdVdMGmk&_nc_ohc=XYcbqqJcQGkQ7kNvwERGXQa&_nc_gid=wD_gd8U74ZPMkzPstE5UUw&edm=ALB854YBAAAA&ccb=7-5&oh=00_AQG3XoiY8cqoR2h5Hs5tKBrOv9Tge2-9s3hZVyIesmjWJw&oe=6A78E7F1&_nc_sid=ce9561
455401048,kyladrichardson,KYLA RICHARDSON,False,,False,3949473912211758688_455401048,https://instagram.fcai19-8.fna.fbcdn.net/v/t51.82787-19/758287806_18616158394041049_7331458735015731204_n.jpg?stp=dst-jpg_s150x150_tt6&efg=eyJ2ZW5jb2RlX3RhZyI6InByb2ZpbGVfcGljLmRqYW5nby4xMDgwLmMyIn0&_nc_ht=instagram.fcai19-8.fna.fbcdn.net&_nc_cat=101&_nc_oc=Q6cZ2gEc2IuhVJWfjY91cGk214J1H5ZbgzIfin1KV0Zr_rxitr9ddcTowQqbpG0YdVdMGmk&_nc_ohc=rVopX7L3W3wQ7kNvwESyGGH&_nc_gid=wD_gd8U74ZPMkzPstE5UUw&edm=ALB854YBAAAA&ccb=7-5&oh=00_AQFZI1M9Q9KvDZR0YDp0g9pDxm4ooZeOnfdwKF4dGoAu-A&oe=6A78D4D7&_nc_sid=ce9561
1191084242,renee_downer,Renée,False,,False,3891251871763066761_1191084242,https://instagram.fcai19-8.fna.fbcdn.net/v/t51.82787-19/684577203_18580211188044243_1157095987083180329_n.jpg?stp=dst-jpg_s150x150_tt6&efg=eyJ2ZW5jb2RlX3RhZyI6InByb2ZpbGVfcGljLmRqYW5nby4xMDgwLmMyIn0&_nc_ht=instagram.fcai19-8.fna.fbcdn.net&_nc_cat=103&_nc_oc=Q6cZ2gEc2IuhVJWfjY91cGk214J1H5ZbgzIfin1KV0Zr_rxitr9ddcTowQqbpG0YdVdMGmk&_nc_ohc=NElkuZ-Rc9gQ7kNvwFd5uBP&_nc_gid=wD_gd8U74ZPMkzPstE5UUw&edm=ALB854YBAAAA&ccb=7-5&oh=00_AQEgfIKd8ZWUGIlTG8MivcSSWx01tk68FO14j_TKf3GHeQ&oe=6A78C699&_nc_sid=ce9561
199889031,zachariahporter,Zachariah Porter,False,,False,3613154775248446052_199889031,https://instagram.fcai19-8.fna.fbcdn.net/v/t51.2885-19/491468715_1077030931125524_8250686382633451355_n.jpg?stp=dst-jpg_s150x150_tt6&efg=eyJ2ZW5jb2RlX3RhZyI6InByb2ZpbGVfcGljLmRqYW5nby4xMDIwLmMyIn0&_nc_ht=instagram.fcai19-8.fna.fbcdn.net&_nc_cat=1&_nc_oc=Q6cZ2gEc2IuhVJWfjY91cGk214J1H5ZbgzIfin1KV0Zr_rxitr9ddcTowQqbpG0YdVdMGmk&_nc_ohc=DTKDSa7Sm-AQ7kNvwEPzVPG&_nc_gid=wD_gd8U74ZPMkzPstE5UUw&edm=ALB854YBAAAA&ccb=7-5&oh=00_AQGhueCqEuCSgPQExjjGQt9xE-pHL73GwO1hLbn6nwZ6xQ&oe=6A78C783&_nc_sid=ce9561
5745931889,_oliviamiles_,olivia,False,,False,3947273050416868611_5745931889,https://instagram.fcai19-8.fna.fbcdn.net/v/t51.82787-19/753445642_18460007335187890_1491106585592839899_n.jpg?stp=dst-jpg_s150x150_tt6&efg=eyJ2ZW5jb2RlX3RhZyI6InByb2ZpbGVfcGljLmRqYW5nby4xMDgwLmMyIn0&_nc_ht=instagram.fcai19-8.fna.fbcdn.net&_nc_cat=110&_nc_oc=Q6cZ2gEc2IuhVJWfjY91cGk214J1H5ZbgzIfin1KV0Zr_rxitr9ddcTowQqbpG0YdVdMGmk&_nc_ohc=wwmtzMx_T7EQ7kNvwESK96y&_nc_gid=wD_gd8U74ZPMkzPstE5UUw&edm=ALB854YBAAAA&ccb=7-5&oh=00_AQGSxrIFJMXVtv5XzVaiZ14V3-talxQbyo7hFbLeiUifuw&oe=6A78C1F2&_nc_sid=ce9561
8017467927,braidsbylondy,✨LA BRAIDER✨,False,,False,3130739389117741558_8017467927,https://instagram.fcai19-8.fna.fbcdn.net/v/t51.2885-19/355406322_946408713317664_7913928240393394095_n.jpg?stp=dst-jpg_s150x150_tt6&efg=eyJ2ZW5jb2RlX3RhZyI6InByb2ZpbGVfcGljLmRqYW5nby4xMDgwLmMyIn0&_nc_ht=instagram.fcai19-8.fna.fbcdn.net&_nc_cat=100&_nc_oc=Q6cZ2gEc2IuhVJWfjY91cGk214J1H5ZbgzIfin1KV0Zr_rxitr9ddcTowQqbpG0YdVdMGmk&_nc_ohc=bMky2EFexx8Q7kNvwGZNUho&_nc_gid=wD_gd8U74ZPMkzPstE5UUw&edm=ALB854YBAAAA&ccb=7-5&oh=00_AQGUEtpuOuvltBGl9qCSZfFfnp4Ps0W5-tDeK0qqVksB-A&oe=6A78DB85&_nc_sid=ce9561
45802569,sampson_clark,Sampson Michael,False,,False,3318284141798785109_45802569,https://instagram.fcai19-8.fna.fbcdn.net/v/t51.2885-19/431679149_761407212757040_3895192416862790043_n.jpg?stp=dst-jpg_s150x150_tt6&efg=eyJ2ZW5jb2RlX3RhZyI6InByb2ZpbGVfcGljLmRqYW5nby4xMDgwLmMyIn0&_nc_ht=instagram.fcai19-8.fna.fbcdn.net&_nc_cat=108&_nc_oc=Q6cZ2gEc2IuhVJWfjY91cGk214J1H5ZbgzIfin1KV0Zr_rxitr9ddcTowQqbpG0YdVdMGmk&_nc_ohc=rg9OkoVP7VUQ7kNvwFtyHGQ&_nc_gid=wD_gd8U74ZPMkzPstE5UUw&edm=ALB854YBAAAA&ccb=7-5&oh=00_AQFvtvJVPqRpUjB-yLTHRzHxytdpqIYAjkzAyuSMw-v3iw&oe=6A78F0B7&_nc_sid=ce9561
2062739698,stevensimione,Steven Simione,False,,False,3623571140288444423_2062739698,https://instagram.fcai19-8.fna.fbcdn.net/v/t51.2885-19/495163630_18484068670067699_4496817181379103901_n.jpg?stp=dst-jpg_s150x150_tt6&efg=eyJ2ZW5jb2RlX3RhZyI6InByb2ZpbGVfcGljLmRqYW5nby4xMDgwLmMyIn0&_nc_ht=instagram.fcai19-8.fna.fbcdn.net&_nc_cat=111&_nc_oc=Q6cZ2gEc2IuhVJWfjY91cGk214J1H5ZbgzIfin1KV0Zr_rxitr9ddcTowQqbpG0YdVdMGmk&_nc_ohc=zjhAaZWMI8cQ7kNvwE0horQ&_nc_gid=wD_gd8U74ZPMkzPstE5UUw&edm=ALB854YBAAAA&ccb=7-5&oh=00_AQESC2CXHi45WuSgDU7MZ6SMAcH5Ahlu39jr_WqtS5KI8g&oe=6A78CB1C&_nc_sid=ce9561
5574337306,officialspaceballs,Spaceballs,False,,False,3940361685723019172_5574337306,https://instagram.fcai19-8.fna.fbcdn.net/v/t51.82787-19/745569641_18446470660185307_9181763342386310713_n.jpg?stp=dst-jpg_s150x150_tt6&efg=eyJ2ZW5jb2RlX3RhZyI6InByb2ZpbGVfcGljLmRqYW5nby4xMDAwLmMyIn0&_nc_ht=instagram.fcai19-8.fna.fbcdn.net&_nc_cat=107&_nc_oc=Q6cZ2gEc2IuhVJWfjY91cGk214J1H5ZbgzIfin1KV0Zr_rxitr9ddcTowQqbpG0YdVdMGmk&_nc_ohc=vXkcm65aNMwQ7kNvwHzFnWK&_nc_gid=wD_gd8U74ZPMkzPstE5UUw&edm=ALB854YBAAAA&ccb=7-5&oh=00_AQGi8XcMUXZStQt1V7TJdBQo841CY2B8JVw6UsBLshwN-A&oe=6A78CE7B&_nc_sid=ce9561
59185668701,vitalnessbeauty,Vitalness | Lymphatic • Sculpting • Detox,False,,False,3089945431832711558_59185668701,https://instagram.fcai19-8.fna.fbcdn.net/v/t51.2885-19/343256234_616153840404177_4148737461687666024_n.jpg?stp=dst-jpg_s150x150_tt6&efg=eyJ2ZW5jb2RlX3RhZyI6InByb2ZpbGVfcGljLmRqYW5nby44MTguYzIifQ&_nc_ht=instagram.fcai19-8.fna.fbcdn.net&_nc_cat=109&_nc_oc=Q6cZ2gEc2IuhVJWfjY91cGk214J1H5ZbgzIfin1KV0Zr_rxitr9ddcTowQqbpG0YdVdMGmk&_nc_ohc=Dce26EPj-eUQ7kNvwHZIW3P&_nc_gid=wD_gd8U74ZPMkzPstE5UUw&edm=ALB854YBAAAA&ccb=7-5&oh=00_AQGpANMgzyTcTqLM8B5LnRYvBLuQ9vVhcg4sBXQ2hpoZ5A&oe=6A78D9E1&_nc_sid=ce9561
313114286,marydills34,mary dillon,True,,False,,https://instagram.fcai19-8.fna.fbcdn.net/v/t51.2885-19/11850149_1451153501880645_230167647_a.jpg?stp=dst-jpg_s150x150_tt6&efg=eyJ2ZW5jb2RlX3RhZyI6InByb2ZpbGVfcGljLmRqYW5nby4xNTAuYzIifQ&_nc_ht=instagram.fcai19-8.fna.fbcdn.net&_nc_cat=109&_nc_oc=Q6cZ2gEc2IuhVJWfjY91cGk214J1H5ZbgzIfin1KV0Zr_rxitr9ddcTowQqbpG0YdVdMGmk&_nc_ohc=Y5hOwytsIlsQ7kNvwFtwm6w&_nc_gid=wD_gd8U74ZPMkzPstE5UUw&edm=ALB854YBAAAA&ccb=7-5&oh=00_AQE852fti9ehCFUsteAi-IBlPGuyox0egmbvMbF9XAdaaw&oe=6A78DFEA&_nc_sid=ce9561
790609026,patrick.nk,Patrick Ngandu Kabongo,True,,False,3099326986199485357_790609026,https://instagram.fcai19-8.fna.fbcdn.net/v/t51.2885-19/345712307_218702960881672_8957113149366849643_n.jpg?stp=dst-jpg_s150x150_tt6&efg=eyJ2ZW5jb2RlX3RhZyI6InByb2ZpbGVfcGljLmRqYW5nby42OTIuYzIifQ&_nc_ht=instagram.fcai19-8.fna.fbcdn.net&_nc_cat=104&_nc_oc=Q6cZ2gEc2IuhVJWfjY91cGk214J1H5ZbgzIfin1KV0Zr_rxitr9ddcTowQqbpG0YdVdMGmk&_nc_ohc=_miVZfYVeY0Q7kNvwF-Bo-G&_nc_gid=wD_gd8U74ZPMkzPstE5UUw&edm=ALB854YBAAAA&ccb=7-5&oh=00_AQF71LpsATE0ndHLQVhmQXs51eaiNLnTNgbu_lBPOuMrbw&oe=6A78D3E8&_nc_sid=ce9561
66921350562,unik.productions,Unik Productions Inc. ™,False,,False,3389178184559853815_66921350562,https://instagram.fcai19-8.fna.fbcdn.net/v/t51.2885-19/448273995_805467285050756_2409465717353360038_n.jpg?stp=dst-jpg_s150x150_tt6&efg=eyJ2ZW5jb2RlX3RhZyI6InByb2ZpbGVfcGljLmRqYW5nby43MDYuYzIifQ&_nc_ht=instagram.fcai19-8.fna.fbcdn.net&_nc_cat=108&_nc_oc=Q6cZ2gEc2IuhVJWfjY91cGk214J1H5ZbgzIfin1KV0Zr_rxitr9ddcTowQqbpG0YdVdMGmk&_nc_ohc=EJH04ScudA4Q7kNvwFgzPrB&_nc_gid=wD_gd8U74ZPMkzPstE5UUw&edm=ALB854YBAAAA&ccb=7-5&oh=00_AQF3EU9bRxPlz6fXCY678YKGu2obTloDEiT4ZPe3p0lhSA&oe=6A78F0DB&_nc_sid=ce9561
595761610,_nnafn,Nafisa,True,,False,3486205912044530264_595761610,https://instagram.fcai19-8.fna.fbcdn.net/v/t51.2885-19/464301391_528872103431932_1891299592786795733_n.jpg?stp=dst-jpg_s150x150_tt6&efg=eyJ2ZW5jb2RlX3RhZyI6InByb2ZpbGVfcGljLmRqYW5nby4xMDgwLmMyIn0&_nc_ht=instagram.fcai19-8.fna.fbcdn.net&_nc_cat=104&_nc_oc=Q6cZ2gEc2IuhVJWfjY91cGk214J1H5ZbgzIfin1KV0Zr_rxitr9ddcTowQqbpG0YdVdMGmk&_nc_ohc=gMOPzVbM0zgQ7kNvwEgXMEA&_nc_gid=wD_gd8U74ZPMkzPstE5UUw&edm=ALB854YBAAAA&ccb=7-5&oh=00_AQFGUrkLXFZ5t4267hqXI3mB6fCOsSDr_bfjBIZi1y_Ruw&oe=6A78C6C1&_nc_sid=ce9561
23919721,aushiaharmony,Aushia,True,,False,2739410883052373657_23919721,https://instagram.fcai19-8.fna.fbcdn.net/v/t51.2885-19/270646482_480647280066288_1071286961345946684_n.jpg?stp=dst-jpg_s150x150_tt6&efg=eyJ2ZW5jb2RlX3RhZyI6InByb2ZpbGVfcGljLmRqYW5nby4xMDgwLmMyIn0&_nc_ht=instagram.fcai19-8.fna.fbcdn.net&_nc_cat=100&_nc_oc=Q6cZ2gEc2IuhVJWfjY91cGk214J1H5ZbgzIfin1KV0Zr_rxitr9ddcTowQqbpG0YdVdMGmk&_nc_ohc=gMtDme3Hn1MQ7kNvwHcSR82&_nc_gid=wD_gd8U74ZPMkzPstE5UUw&edm=ALB854YBAAAA&ccb=7-5&oh=00_AQEMe6lufpDjarcfLu35Y_rUlPu_D4_B0IBm-y6sfMa87A&oe=6A78DFCB&_nc_sid=ce9561
37832562240,dj.morelife,DJ,False,,False,3768129849416819708_37832562240,https://instagram.fcai19-8.fna.fbcdn.net/v/t51.82787-19/582042386_18073334153258241_5411141993631009967_n.jpg?stp=dst-jpg_s150x150_tt6&efg=eyJ2ZW5jb2RlX3RhZyI6InByb2ZpbGVfcGljLmRqYW5nby4xMDgwLmMyIn0&_nc_ht=instagram.fcai19-8.fna.fbcdn.net&_nc_cat=109&_nc_oc=Q6cZ2gEc2IuhVJWfjY91cGk214J1H5ZbgzIfin1KV0Zr_rxitr9ddcTowQqbpG0YdVdMGmk&_nc_ohc=DihS7645i6EQ7kNvwGJsjCP&_nc_gid=wD_gd8U74ZPMkzPstE5UUw&edm=ALB854YBAAAA&ccb=7-5&oh=00_AQHtBFHerbtGj6EvBxPRefaBzfqUVf6JuJ9Bc1p44cROgg&oe=6A78C8CC&_nc_sid=ce9561
263221925,caij0,DJ3K,False,,False,3434536920615093554_263221925,https://instagram.fcai19-8.fna.fbcdn.net/v/t51.2885-19/455295543_1276243317080453_5242249692778427084_n.jpg?stp=dst-jpg_s150x150_tt6&efg=eyJ2ZW5jb2RlX3RhZyI6InByb2ZpbGVfcGljLmRqYW5nby4xMDgwLmMyIn0&_nc_ht=instagram.fcai19-8.fna.fbcdn.net&_nc_cat=105&_nc_oc=Q6cZ2gEc2IuhVJWfjY91cGk214J1H5ZbgzIfin1KV0Zr_rxitr9ddcTowQqbpG0YdVdMGmk&_nc_ohc=9V5GROw7j2AQ7kNvwHO_D-G&_nc_gid=wD_gd8U74ZPMkzPstE5UUw&edm=ALB854YBAAAA&ccb=7-5&oh=00_AQELED3CRbFkR8w3ADglyCvuOGoF4En5tzEtEfvmcpOtEw&oe=6A78DE9A&_nc_sid=ce9561
248882608,boetiexo,Tiesha,False,,False,3876281064255964225_248882608,https://instagram.fcai19-8.fna.fbcdn.net/v/t51.82787-19/670405301_18575985337050609_2320241875813436941_n.jpg?stp=dst-jpg_s150x150_tt6&efg=eyJ2ZW5jb2RlX3RhZyI6InByb2ZpbGVfcGljLmRqYW5nby4xMDgwLmMyIn0&_nc_ht=instagram.fcai19-8.fna.fbcdn.net&_nc_cat=109&_nc_oc=Q6cZ2gEc2IuhVJWfjY91cGk214J1H5ZbgzIfin1KV0Zr_rxitr9ddcTowQqbpG0YdVdMGmk&_nc_ohc=18N7mhdbaTQQ7kNvwHxLSlG&_nc_gid=wD_gd8U74ZPMkzPstE5UUw&edm=ALB854YBAAAA&ccb=7-5&oh=00_AQE21pRkblROcgVj8DLm-oZo6bHVCvmzeAhnFsuGsMtysA&oe=6A78C4E9&_nc_sid=ce9561
246937762,joeldaviddd,ᴊᴏᴇʟ ᴅᴀᴠɪᴅ ᴀʜᴜᴍᴀᴅᴀ,False,,False,3865943228793594600_246937762,https://instagram.fcai19-8.fna.fbcdn.net/v/t51.82787-19/658922567_18579099154025763_3392683302405429649_n.jpg?stp=dst-jpg_s150x150_tt6&efg=eyJ2ZW5jb2RlX3RhZyI6InByb2ZpbGVfcGljLmRqYW5nby44MjguYzIifQ&_nc_ht=instagram.fcai19-8.fna.fbcdn.net&_nc_cat=103&_nc_oc=Q6cZ2gEc2IuhVJWfjY91cGk214J1H5ZbgzIfin1KV0Zr_rxitr9ddcTowQqbpG0YdVdMGmk&_nc_ohc=73iYC25BUBIQ7kNvwGejnQj&_nc_gid=wD_gd8U74ZPMkzPstE5UUw&edm=ALB854YBAAAA&ccb=7-5&oh=00_AQEZFGrIW8l-v6qy_iq6jcO832o7yqM5dd75JbT-fQe2Rw&oe=6A78D19C&_nc_sid=ce9561
244015377,the.jee.spot,𝘑𝘦𝘦 𝘚𝘢𝘷𝘢𝘢𝘫 🔫🧸,False,,False,3892001133112742593_244015377,https://instagram.fcai19-8.fna.fbcdn.net/v/t51.82787-19/686198567_18588054019047378_3073761495283670648_n.jpg?stp=dst-jpg_s150x150_tt6&efg=eyJ2ZW5jb2RlX3RhZyI6InByb2ZpbGVfcGljLmRqYW5nby4xMDgwLmMyIn0&_nc_ht=instagram.fcai19-8.fna.fbcdn.net&_nc_cat=106&_nc_oc=Q6cZ2gEc2IuhVJWfjY91cGk214J1H5ZbgzIfin1KV0Zr_rxitr9ddcTowQqbpG0YdVdMGmk&_nc_ohc=jpizZPUkPC4Q7kNvwFgSBv5&_nc_gid=wD_gd8U74ZPMkzPstE5UUw&edm=ALB854YBAAAA&ccb=7-5&oh=00_AQFDq12_g4XRSlIHQi0juedBJLDstSuBeIusU01bhiJWmw&oe=6A78E024&_nc_sid=ce9561
24157736,sydjcolson,Sydney Colson,False,,False,3848647439658610665_24157736,https://instagram.fcai19-8.fna.fbcdn.net/v/t51.82787-19/649197178_18566133514029737_6981264751545092174_n.jpg?stp=dst-jpg_s150x150_tt6&efg=eyJ2ZW5jb2RlX3RhZyI6InByb2ZpbGVfcGljLmRqYW5nby4xMDgwLmMyIn0&_nc_ht=instagram.fcai19-8.fna.fbcdn.net&_nc_cat=105&_nc_oc=Q6cZ2gEc2IuhVJWfjY91cGk214J1H5ZbgzIfin1KV0Zr_rxitr9ddcTowQqbpG0YdVdMGmk&_nc_ohc=72J-YJiaWQUQ7kNvwFlrPBH&_nc_gid=wD_gd8U74ZPMkzPstE5UUw&edm=ALB854YBAAAA&ccb=7-5&oh=00_AQG1p2liQ_6Lx9GWbl_0PKa7gDuzv280YoFRlE_swUFe_g&oe=6A78DD64&_nc_sid=ce9561
1363758519,villalobos91s,Stephanie Villalobos,True,,False,1983910913120738657_1363758519,https://instagram.fcai19-8.fna.fbcdn.net/v/t51.2885-19/51098335_2316586005059517_4306551716150509568_n.jpg?stp=dst-jpg_s150x150_tt6&efg=eyJ2ZW5jb2RlX3RhZyI6InByb2ZpbGVfcGljLmRqYW5nby45NjAuYzIifQ&_nc_ht=instagram.fcai19-8.fna.fbcdn.net&_nc_cat=109&_nc_oc=Q6cZ2gEc2IuhVJWfjY91cGk214J1H5ZbgzIfin1KV0Zr_rxitr9ddcTowQqbpG0YdVdMGmk&_nc_ohc=2FpFV480l5UQ7kNvwFp88l3&_nc_gid=wD_gd8U74ZPMkzPstE5UUw&edm=ALB854YBAAAA&ccb=7-5&oh=00_AQHwBYO6m5HLJyIo7K_de3PYg1M_xCuGO7NoHS04lbYuLQ&oe=6A78DA2B&_nc_sid=ce9561
79944195132,gothampilatesstudio,,False,,False,3794233398231400456_79944195132,https://instagram.fcai19-8.fna.fbcdn.net/v/t51.82787-19/588564210_17842461252667133_7895456592111821591_n.jpg?stp=dst-jpg_s150x150_tt6&efg=eyJ2ZW5jb2RlX3RhZyI6InByb2ZpbGVfcGljLmRqYW5nby44ODIuYzIifQ&_nc_ht=instagram.fcai19-8.fna.fbcdn.net&_nc_cat=105&_nc_oc=Q6cZ2gEc2IuhVJWfjY91cGk214J1H5ZbgzIfin1KV0Zr_rxitr9ddcTowQqbpG0YdVdMGmk&_nc_ohc=QbVxhaty12IQ7kNvwE6qP0L&_nc_gid=wD_gd8U74ZPMkzPstE5UUw&edm=ALB854YBAAAA&ccb=7-5&oh=00_AQF4unNE0En889z6_u7Wz-ba2iIb6ralRWryGlkHo_HO1Q&oe=6A78C593&_nc_sid=ce9561
333636176,iamerineller,Erin Eller,False,,False,3824776539884310611_333636176,https://instagram.fcai19-8.fna.fbcdn.net/v/t51.82787-19/627702375_18554802733004177_2415898726252674686_n.jpg?stp=dst-jpg_s150x150_tt6&efg=eyJ2ZW5jb2RlX3RhZyI6InByb2ZpbGVfcGljLmRqYW5nby4xMDgwLmMyIn0&_nc_ht=instagram.fcai19-8.fna.fbcdn.net&_nc_cat=105&_nc_oc=Q6cZ2gEc2IuhVJWfjY91cGk214J1H5ZbgzIfin1KV0Zr_rxitr9ddcTowQqbpG0YdVdMGmk&_nc_ohc=DQZmsuVPNUQQ7kNvwEJnkOo&_nc_gid=wD_gd8U74ZPMkzPstE5UUw&edm=ALB854YBAAAA&ccb=7-5&oh=00_AQEnJNf2PKL8Ra_r2wwkkBYP7XcteGPLJNusnlLLmvfSmQ&oe=6A78E394&_nc_sid=ce9561
75213950064,courtneycookinsta,Courtney Bales,False,,False,3786784545669677604_75213950064,https://instagram.fcai19-8.fna.fbcdn.net/v/t51.82787-19/588150767_17867564712510065_5021329199465599610_n.jpg?stp=dst-jpg_s150x150_tt6&efg=eyJ2ZW5jb2RlX3RhZyI6InByb2ZpbGVfcGljLmRqYW5nby4xMDgwLmMyIn0&_nc_ht=instagram.fcai19-8.fna.fbcdn.net&_nc_cat=1&_nc_oc=Q6cZ2gEc2IuhVJWfjY91cGk214J1H5ZbgzIfin1KV0Zr_rxitr9ddcTowQqbpG0YdVdMGmk&_nc_ohc=s3Aq2hfsehMQ7kNvwEj7gXf&_nc_gid=wD_gd8U74ZPMkzPstE5UUw&edm=ALB854YBAAAA&ccb=7-5&oh=00_AQETVDuDrqRI9IWeKKoQDdXLFesP6cRBCIJkSq_02UzIZA&oe=6A78E156&_nc_sid=ce9561
298762789,ariellekebbel,Arielle Kebbel,False,,False,3834888262498847444_298762789,https://instagram.fcai19-8.fna.fbcdn.net/v/t51.82787-19/631245716_18562609570010790_6326851353067400847_n.jpg?stp=dst-jpg_s150x150_tt6&efg=eyJ2ZW5jb2RlX3RhZyI6InByb2ZpbGVfcGljLmRqYW5nby4xMDgwLmMyIn0&_nc_ht=instagram.fcai19-8.fna.fbcdn.net&_nc_cat=106&_nc_oc=Q6cZ2gEc2IuhVJWfjY91cGk214J1H5ZbgzIfin1KV0Zr_rxitr9ddcTowQqbpG0YdVdMGmk&_nc_ohc=iuf-nFHyT7oQ7kNvwFIS3OX&_nc_gid=wD_gd8U74ZPMkzPstE5UUw&edm=ALB854YBAAAA&ccb=7-5&oh=00_AQF4J58f5_WvH_VXM__cK-H1w8q2vh8z8_ENfx6xIG_LPQ&oe=6A78C699&_nc_sid=ce9561
44964531324,amandaupnext,Amanda.,False,,False,3779617847333999055_44964531324,https://instagram.fcai19-8.fna.fbcdn.net/v/t51.82787-19/588546982_18089204174499325_1765921140060538529_n.jpg?stp=dst-jpg_s150x150_tt6&efg=eyJ2ZW5jb2RlX3RhZyI6InByb2ZpbGVfcGljLmRqYW5nby4xMDgwLmMyIn0&_nc_ht=instagram.fcai19-8.fna.fbcdn.net&_nc_cat=101&_nc_oc=Q6cZ2gEc2IuhVJWfjY91cGk214J1H5ZbgzIfin1KV0Zr_rxitr9ddcTowQqbpG0YdVdMGmk&_nc_ohc=B5QGQW-LFFEQ7kNvwGbvIEL&_nc_gid=wD_gd8U74ZPMkzPstE5UUw&edm=ALB854YBAAAA&ccb=7-5&oh=00_AQGgPWz7y7B9Uo6Hi-LWy7QQWdeFu7RoM0681-wRCqhWyg&oe=6A78E203&_nc_sid=ce9561
486566797,gizellebryant,gizellebryant,False,,False,2902045608593141408_486566797,https://instagram.fcai19-8.fna.fbcdn.net/v/t51.2885-19/298541825_429487485824451_693901306746123263_n.jpg?stp=dst-jpg_s150x150_tt6&efg=eyJ2ZW5jb2RlX3RhZyI6InByb2ZpbGVfcGljLmRqYW5nby42NDIuYzIifQ&_nc_ht=instagram.fcai19-8.fna.fbcdn.net&_nc_cat=103&_nc_oc=Q6cZ2gEc2IuhVJWfjY91cGk214J1H5ZbgzIfin1KV0Zr_rxitr9ddcTowQqbpG0YdVdMGmk&_nc_ohc=ulHfP11OStoQ7kNvwGmZcwW&_nc_gid=wD_gd8U74ZPMkzPstE5UUw&edm=ALB854YBAAAA&ccb=7-5&oh=00_AQEwZi2fI_vHw-N_KneOEJy2Xhcl3PLmyAPFriIL3iezLg&oe=6A78C926&_nc_sid=ce9561
7298307,ericachidi,erica chidi,False,,False,2343953879844084321_7298307,https://instagram.fcai19-8.fna.fbcdn.net/v/t51.2885-19/106033006_554085471939643_6560752771558598790_n.jpg?stp=dst-jpg_s150x150_tt6&efg=eyJ2ZW5jb2RlX3RhZyI6InByb2ZpbGVfcGljLmRqYW5nby41NTcuYzIifQ&_nc_ht=instagram.fcai19-8.fna.fbcdn.net&_nc_cat=107&_nc_oc=Q6cZ2gEc2IuhVJWfjY91cGk214J1H5ZbgzIfin1KV0Zr_rxitr9ddcTowQqbpG0YdVdMGmk&_nc_ohc=eDANh4ONYcUQ7kNvwHI7xs2&_nc_gid=wD_gd8U74ZPMkzPstE5UUw&edm=ALB854YBAAAA&ccb=7-5&oh=00_AQE_fgJ8cBf7wbLXT31SNvzbIUJoaJzwaDnlL7nbQ3oNzw&oe=6A78C728&_nc_sid=ce9561
286520197,richelieudennis,Richelieu Dennis,False,,False,2731433479097088687_286520197,https://instagram.fcai19-8.fna.fbcdn.net/v/t51.2885-19/269674257_464778508615996_8013190439984694722_n.jpg?stp=dst-jpg_s150x150_tt6&efg=eyJ2ZW5jb2RlX3RhZyI6InByb2ZpbGVfcGljLmRqYW5nby4xMDgwLmMyIn0&_nc_ht=instagram.fcai19-8.fna.fbcdn.net&_nc_cat=104&_nc_oc=Q6cZ2gEc2IuhVJWfjY91cGk214J1H5ZbgzIfin1KV0Zr_rxitr9ddcTowQqbpG0YdVdMGmk&_nc_ohc=l1kPXNICpPIQ7kNvwF8Eusf&_nc_gid=wD_gd8U74ZPMkzPstE5UUw&edm=ALB854YBAAAA&ccb=7-5&oh=00_AQHpTDG5bJbTU6Fh6mfQKrn8jGi_WkTa1ZQXg3Zg6YeqHA&oe=6A78E7F4&_nc_sid=ce9561
180806586,instagramchuck,instagramchuck,False,,False,,https://instagram.fcai19-8.fna.fbcdn.net/v/t51.2885-19/11856857_1162304837132352_1493807781_a.jpg?stp=dst-jpg_s150x150_tt6&efg=eyJ2ZW5jb2RlX3RhZyI6InByb2ZpbGVfcGljLmRqYW5nby43NTAuYzIifQ&_nc_ht=instagram.fcai19-8.fna.fbcdn.net&_nc_cat=100&_nc_oc=Q6cZ2gEc2IuhVJWfjY91cGk214J1H5ZbgzIfin1KV0Zr_rxitr9ddcTowQqbpG0YdVdMGmk&_nc_ohc=3soHZA8Ii8kQ7kNvwHBlsSr&_nc_gid=wD_gd8U74ZPMkzPstE5UUw&edm=ALB854YBAAAA&ccb=7-5&oh=00_AQF9r6L3bvnGNBS9MXPxu8-PSGsUYR7UAJkPzzOdxzb7Ww&oe=6A78D898&_nc_sid=ce9561
216250489,eatmyfaerydust,damn kam🧚🏻‍♀️,False,,False,3953885579330825308_216250489,https://instagram.fcai19-8.fna.fbcdn.net/v/t51.82787-19/759974061_18613237444058490_5239222441455189341_n.jpg?stp=dst-jpg_s150x150_tt6&efg=eyJ2ZW5jb2RlX3RhZyI6InByb2ZpbGVfcGljLmRqYW5nby4xMDgwLmMyIn0&_nc_ht=instagram.fcai19-8.fna.fbcdn.net&_nc_cat=106&_nc_oc=Q6cZ2gEc2IuhVJWfjY91cGk214J1H5ZbgzIfin1KV0Zr_rxitr9ddcTowQqbpG0YdVdMGmk&_nc_ohc=PTSLTK0N8WgQ7kNvwGB6XZK&_nc_gid=wD_gd8U74ZPMkzPstE5UUw&edm=ALB854YBAAAA&ccb=7-5&oh=00_AQH9bDakPamriuLAl4LTjirULIyosIuGDeivsOt7YjLD8A&oe=6A78E538&_nc_sid=ce9561
177173699,aidancullen1,Aidan Cullen 📸🎥,False,,False,3052098440218454453_177173699,https://instagram.fcai19-8.fna.fbcdn.net/v/t51.2885-19/331650933_724259995718399_7324236842277806886_n.jpg?stp=dst-jpg_s150x150_tt6&efg=eyJ2ZW5jb2RlX3RhZyI6InByb2ZpbGVfcGljLmRqYW5nby4zMjAuYzIifQ&_nc_ht=instagram.fcai19-8.fna.fbcdn.net&_nc_cat=111&_nc_oc=Q6cZ2gEc2IuhVJWfjY91cGk214J1H5ZbgzIfin1KV0Zr_rxitr9ddcTowQqbpG0YdVdMGmk&_nc_ohc=HKK1JyVTdnMQ7kNvwFtZgjb&_nc_gid=wD_gd8U74ZPMkzPstE5UUw&edm=ALB854YBAAAA&ccb=7-5&oh=00_AQFBpK3dry_ElCPdQEAcHos4N2-cWebXvexZBZVHAl-V3A&oe=6A78D194&_nc_sid=ce9561
25236007,joejonas,J O E J O N A S,False,,False,3936053471380108531_25236007,https://instagram.fcai19-8.fna.fbcdn.net/v/t51.82787-19/741021737_18626365333020008_4422733084420697003_n.jpg?stp=dst-jpg_s150x150_tt6&efg=eyJ2ZW5jb2RlX3RhZyI6InByb2ZpbGVfcGljLmRqYW5nby4xMDgwLmMyIn0&_nc_ht=instagram.fcai19-8.fna.fbcdn.net&_nc_cat=1&_nc_oc=Q6cZ2gEc2IuhVJWfjY91cGk214J1H5ZbgzIfin1KV0Zr_rxitr9ddcTowQqbpG0YdVdMGmk&_nc_ohc=t-zTOZl9-HoQ7kNvwHdqX7l&_nc_gid=wD_gd8U74ZPMkzPstE5UUw&edm=ALB854YBAAAA&ccb=7-5&oh=00_AQF8Ei2IfYIaGOfBzmQuR7IBce5y796UYvnwMa4ImlqeYg&oe=6A78C83B&_nc_sid=ce9561
290441586,terrellmusic,TerrellCarter™,False,,False,3709088382870156258_290441586,https://instagram.fcai19-8.fna.fbcdn.net/v/t51.82787-19/540020889_18531616888009587_6222968785456564557_n.jpg?stp=dst-jpg_s150x150_tt6&efg=eyJ2ZW5jb2RlX3RhZyI6InByb2ZpbGVfcGljLmRqYW5nby4xMDgwLmMyIn0&_nc_ht=instagram.fcai19-8.fna.fbcdn.net&_nc_cat=103&_nc_oc=Q6cZ2gEc2IuhVJWfjY91cGk214J1H5ZbgzIfin1KV0Zr_rxitr9ddcTowQqbpG0YdVdMGmk&_nc_ohc=UEJWFi9_udsQ7kNvwE4ZOQ2&_nc_gid=wD_gd8U74ZPMkzPstE5UUw&edm=ALB854YBAAAA&ccb=7-5&oh=00_AQFKaOCsJJ-datJJ4wcD9U8-ygyMzE-4KlWwsdWiMEcWog&oe=6A78D35D&_nc_sid=ce9561
21333513,kpalma,kpalma,True,,False,,https://instagram.fcai19-8.fna.fbcdn.net/v/t51.2885-19/10865130_1394826070811112_124651674_a.jpg?stp=dst-jpg_s150x150_tt6&efg=eyJ2ZW5jb2RlX3RhZyI6InByb2ZpbGVfcGljLmRqYW5nby4xNTAuYzIifQ&_nc_ht=instagram.fcai19-8.fna.fbcdn.net&_nc_cat=100&_nc_oc=Q6cZ2gEc2IuhVJWfjY91cGk214J1H5ZbgzIfin1KV0Zr_rxitr9ddcTowQqbpG0YdVdMGmk&_nc_ohc=I2gAWcIKMegQ7kNvwFsHWp4&_nc_gid=wD_gd8U74ZPMkzPstE5UUw&edm=ALB854YBAAAA&ccb=7-5&oh=00_AQEtokJoOuPY43hW9yVWQYU45eucsTc56zi2ci5_x0KkPA&oe=6A78E13E&_nc_sid=ce9561
223540279,instalettyg,Letty Garcia Dahan 🧿,True,,False,3199762923937757875_223540279,https://instagram.fcai19-8.fna.fbcdn.net/v/t51.2885-19/383222712_23887447790869988_1354526356886351496_n.jpg?stp=dst-jpg_s150x150_tt6&efg=eyJ2ZW5jb2RlX3RhZyI6InByb2ZpbGVfcGljLmRqYW5nby4xMDgwLmMyIn0&_nc_ht=instagram.fcai19-8.fna.fbcdn.net&_nc_cat=108&_nc_oc=Q6cZ2gEc2IuhVJWfjY91cGk214J1H5ZbgzIfin1KV0Zr_rxitr9ddcTowQqbpG0YdVdMGmk&_nc_ohc=eVX7123rmEMQ7kNvwEyTZgm&_nc_gid=wD_gd8U74ZPMkzPstE5UUw&edm=ALB854YBAAAA&ccb=7-5&oh=00_AQHvAro9_ESgchdEZhQ_S0o08tWN1cLifJAcw6m7rs9gHw&oe=6A78CE00&_nc_sid=ce9561
18958336,mcfosterbrown,Michelle Foster Brown,True,,False,3570288834925773394_18958336,https://instagram.fcai19-8.fna.fbcdn.net/v/t51.2885-19/480949634_2075798979535006_46172404996214976_n.jpg?stp=dst-jpg_s150x150_tt6&efg=eyJ2ZW5jb2RlX3RhZyI6InByb2ZpbGVfcGljLmRqYW5nby4xMDgwLmMyIn0&_nc_ht=instagram.fcai19-8.fna.fbcdn.net&_nc_cat=110&_nc_oc=Q6cZ2gEc2IuhVJWfjY91cGk214J1H5ZbgzIfin1KV0Zr_rxitr9ddcTowQqbpG0YdVdMGmk&_nc_ohc=ZWpooN6chkcQ7kNvwE5KCf7&_nc_gid=wD_gd8U74ZPMkzPstE5UUw&edm=ALB854YBAAAA&ccb=7-5&oh=00_AQEZvcO0v9yi8uGX7Tiyv9030vsXWJogJ4psW0UuL3JN5g&oe=6A78D3A1&_nc_sid=ce9561
289320738,lathoma3,Dr. LA Thoma Gustin,False,,False,3692671292265870294_289320738,https://instagram.fcai19-8.fna.fbcdn.net/v/t51.82787-19/528024081_18521222602040739_1357270276914432132_n.jpg?stp=dst-jpg_s150x150_tt6&efg=eyJ2ZW5jb2RlX3RhZyI6InByb2ZpbGVfcGljLmRqYW5nby4xMDgwLmMyIn0&_nc_ht=instagram.fcai19-8.fna.fbcdn.net&_nc_cat=103&_nc_oc=Q6cZ2gEc2IuhVJWfjY91cGk214J1H5ZbgzIfin1KV0Zr_rxitr9ddcTowQqbpG0YdVdMGmk&_nc_ohc=uOdR36_Xk44Q7kNvwGtIEX0&_nc_gid=wD_gd8U74ZPMkzPstE5UUw&edm=ALB854YBAAAA&ccb=7-5&oh=00_AQFI3X4fAfj22EBDgXkK-iSpwmbwlo2vNxWwoRgkTDnXsg&oe=6A78D73B&_nc_sid=ce9561
23644626844,woolyalice,WoolyAlice,False,,False,3954483755037785548_23644626844,https://instagram.fcai19-8.fna.fbcdn.net/v/t51.82787-19/762846821_18120342349786845_299917655934310156_n.jpg?stp=dst-jpg_s150x150_tt6&efg=eyJ2ZW5jb2RlX3RhZyI6InByb2ZpbGVfcGljLmRqYW5nby41MTIuYzIifQ&_nc_ht=instagram.fcai19-8.fna.fbcdn.net&_nc_cat=1&_nc_oc=Q6cZ2gEc2IuhVJWfjY91cGk214J1H5ZbgzIfin1KV0Zr_rxitr9ddcTowQqbpG0YdVdMGmk&_nc_ohc=75VX0MZgb9gQ7kNvwFXjPe4&_nc_gid=wD_gd8U74ZPMkzPstE5UUw&edm=ALB854YBAAAA&ccb=7-5&oh=00_AQG5D3t7zFZla3ze4jj83_-QcVkfNuSGWbFBYj0D_9MvdQ&oe=6A78ECD2&_nc_sid=ce9561
1271880292,shelleyzalis,Shelley Zalis,False,,False,3686841998727454900_1271880292,https://instagram.fcai19-8.fna.fbcdn.net/v/t51.82787-19/523036925_18513447706008293_1891250659229586230_n.jpg?stp=dst-jpg_s150x150_tt6&efg=eyJ2ZW5jb2RlX3RhZyI6InByb2ZpbGVfcGljLmRqYW5nby4xMDgwLmMyIn0&_nc_ht=instagram.fcai19-8.fna.fbcdn.net&_nc_cat=105&_nc_oc=Q6cZ2gEc2IuhVJWfjY91cGk214J1H5ZbgzIfin1KV0Zr_rxitr9ddcTowQqbpG0YdVdMGmk&_nc_ohc=XfG7OU1n-_UQ7kNvwEU0cGI&_nc_gid=wD_gd8U74ZPMkzPstE5UUw&edm=ALB854YBAAAA&ccb=7-5&oh=00_AQHdZKgsRU4Lp1W46dzZc4lSFxZJ5Pm9Ul_DlXO0f4RzsA&oe=6A78CAB3&_nc_sid=ce9561
1604579370,parents,Parents,False,,False,3838950682011768865_1604579370,https://instagram.fcai19-8.fna.fbcdn.net/v/t51.82787-19/641119762_18563792341035371_2880502432279996717_n.jpg?stp=dst-jpg_s150x150_tt6&efg=eyJ2ZW5jb2RlX3RhZyI6InByb2ZpbGVfcGljLmRqYW5nby4zMjAuYzIifQ&_nc_ht=instagram.fcai19-8.fna.fbcdn.net&_nc_cat=1&_nc_oc=Q6cZ2gEc2IuhVJWfjY91cGk214J1H5ZbgzIfin1KV0Zr_rxitr9ddcTowQqbpG0YdVdMGmk&_nc_ohc=sjF1_0UbWOsQ7kNvwHlKb10&_nc_gid=wD_gd8U74ZPMkzPstE5UUw&edm=ALB854YBAAAA&ccb=7-5&oh=00_AQEmYqQiRBeb4H6kMNIESQxCJxr-6YGbI7Hxq7oeHUn0cw&oe=6A78E1C7&_nc_sid=ce9561
23542493,mj003,michael jurkovac 🎥,False,,False,3510775889945277999_23542493,https://instagram.fcai19-8.fna.fbcdn.net/v/t51.2885-19/468456358_1209543213865974_4339710973020289400_n.jpg?stp=dst-jpg_s150x150_tt6&efg=eyJ2ZW5jb2RlX3RhZyI6InByb2ZpbGVfcGljLmRqYW5nby4xMDgwLmMyIn0&_nc_ht=instagram.fcai19-8.fna.fbcdn.net&_nc_cat=106&_nc_oc=Q6cZ2gEc2IuhVJWfjY91cGk214J1H5ZbgzIfin1KV0Zr_rxitr9ddcTowQqbpG0YdVdMGmk&_nc_ohc=_m--_I9_SRcQ7kNvwGpFXLM&_nc_gid=wD_gd8U74ZPMkzPstE5UUw&edm=ALB854YBAAAA&ccb=7-5&oh=00_AQG8cDcBGCtfgnTjVy1dVK4pSbCWDO0qy93QpvQOeKxs7A&oe=6A78C369&_nc_sid=ce9561
3683235622,doncheadle,Don Cheadle,False,,False,1528378188986832382_3683235622,https://instagram.fcai19-8.fna.fbcdn.net/v/t51.2885-19/18809370_100358950564154_2586813151173410816_a.jpg?stp=dst-jpg_s150x150_tt6&efg=eyJ2ZW5jb2RlX3RhZyI6InByb2ZpbGVfcGljLmRqYW5nby42NDAuYzIifQ&_nc_ht=instagram.fcai19-8.fna.fbcdn.net&_nc_cat=102&_nc_oc=Q6cZ2gEc2IuhVJWfjY91cGk214J1H5ZbgzIfin1KV0Zr_rxitr9ddcTowQqbpG0YdVdMGmk&_nc_ohc=21w8Q_26vnEQ7kNvwEwj0Ct&_nc_gid=wD_gd8U74ZPMkzPstE5UUw&edm=ALB854YBAAAA&ccb=7-5&oh=00_AQFzeWpC9rQSeuEtT4UwHkjDidjNM1Eukrq54tecGfRBdg&oe=6A78C3B8&_nc_sid=ce9561
6351373,devibrown,Devi Brown,False,,False,3786180021858789064_6351373,https://instagram.fcai19-8.fna.fbcdn.net/v/t51.82787-19/598275363_18549111523015374_3885398100551362207_n.jpg?stp=dst-jpg_s150x150_tt6&efg=eyJ2ZW5jb2RlX3RhZyI6InByb2ZpbGVfcGljLmRqYW5nby4xMDgwLmMyIn0&_nc_ht=instagram.fcai19-8.fna.fbcdn.net&_nc_cat=106&_nc_oc=Q6cZ2gEc2IuhVJWfjY91cGk214J1H5ZbgzIfin1KV0Zr_rxitr9ddcTowQqbpG0YdVdMGmk&_nc_ohc=tL14i7rGzUQQ7kNvwH4L2Tx&_nc_gid=wD_gd8U74ZPMkzPstE5UUw&edm=ALB854YBAAAA&ccb=7-5&oh=00_AQEZ8FRy4FN5cJKYj8-HmoCtVJxFSNfeAHJaL1hqY8d_fw&oe=6A78C6AB&_nc_sid=ce9561
1545353583,adornmonde,Adornmonde,False,,False,2409222108549084862_1545353583,https://instagram.fcai19-8.fna.fbcdn.net/v/t51.2885-19/120364736_686339755630684_1451750172323103989_n.jpg?stp=dst-jpg_s150x150_tt6&efg=eyJ2ZW5jb2RlX3RhZyI6InByb2ZpbGVfcGljLmRqYW5nby41OTguYzIifQ&_nc_ht=instagram.fcai19-8.fna.fbcdn.net&_nc_cat=104&_nc_oc=Q6cZ2gEc2IuhVJWfjY91cGk214J1H5ZbgzIfin1KV0Zr_rxitr9ddcTowQqbpG0YdVdMGmk&_nc_ohc=Lo0bLoZmmGEQ7kNvwH95ZIR&_nc_gid=wD_gd8U74ZPMkzPstE5UUw&edm=ALB854YBAAAA&ccb=7-5&oh=00_AQENnXMpKEdweHduQxZPiWacOCX3ll7kPSZsq8J5Ah--nQ&oe=6A78D94C&_nc_sid=ce9561
15070798,joshuakeith1,J O S H U A   K E I T H  ✨👑,False,,False,3925528079443591416_15070798,https://instagram.fcai19-8.fna.fbcdn.net/v/t51.82787-19/729734940_18600308785030799_4482922047845769624_n.jpg?stp=dst-jpg_s150x150_tt6&efg=eyJ2ZW5jb2RlX3RhZyI6InByb2ZpbGVfcGljLmRqYW5nby45NDguYzIifQ&_nc_ht=instagram.fcai19-8.fna.fbcdn.net&_nc_cat=111&_nc_oc=Q6cZ2gEc2IuhVJWfjY91cGk214J1H5ZbgzIfin1KV0Zr_rxitr9ddcTowQqbpG0YdVdMGmk&_nc_ohc=KU9v-ZrcWisQ7kNvwHhFI_j&_nc_gid=wD_gd8U74ZPMkzPstE5UUw&edm=ALB854YBAAAA&ccb=7-5&oh=00_AQHiR0b0URtWei3Rp2uu7ljWn85TuMdOf9-hGo30qwJYXg&oe=6A78E607&_nc_sid=ce9561
15759434810,letterswithlam,Letterswithlam,False,,False,3909382565346217106_15759434810,https://instagram.fcai19-8.fna.fbcdn.net/v/t51.82787-19/711514081_18141078679522811_6383774191551277592_n.jpg?stp=dst-jpg_s150x150_tt6&efg=eyJ2ZW5jb2RlX3RhZyI6InByb2ZpbGVfcGljLmRqYW5nby4xMDAyLmMyIn0&_nc_ht=instagram.fcai19-8.fna.fbcdn.net&_nc_cat=111&_nc_oc=Q6cZ2gEc2IuhVJWfjY91cGk214J1H5ZbgzIfin1KV0Zr_rxitr9ddcTowQqbpG0YdVdMGmk&_nc_ohc=4o6dbNTLrxYQ7kNvwGBSf0I&_nc_gid=wD_gd8U74ZPMkzPstE5UUw&edm=ALB854YBAAAA&ccb=7-5&oh=00_AQHwHfVhcQLf3HR5y-VW7DbhIg1Il-6BbONxZtyu5HnZ2w&oe=6A78D984&_nc_sid=ce9561
23267756,colordujour,Alaina Saulsberry,False,,False,3877973380288815004_23267756,https://instagram.fcai19-8.fna.fbcdn.net/v/t51.82787-19/670375868_18579215536035757_3601762753424332994_n.jpg?stp=dst-jpg_s150x150_tt6&efg=eyJ2ZW5jb2RlX3RhZyI6InByb2ZpbGVfcGljLmRqYW5nby4xMDgwLmMyIn0&_nc_ht=instagram.fcai19-8.fna.fbcdn.net&_nc_cat=101&_nc_oc=Q6cZ2gEc2IuhVJWfjY91cGk214J1H5ZbgzIfin1KV0Zr_rxitr9ddcTowQqbpG0YdVdMGmk&_nc_ohc=gLM3AcxoldAQ7kNvwEwCBKP&_nc_gid=wD_gd8U74ZPMkzPstE5UUw&edm=ALB854YBAAAA&ccb=7-5&oh=00_AQErWNrErfSztSacKEmL2LjZzVtv2iQRDbl_AiQ-PhrsxQ&oe=6A78F044&_nc_sid=ce9561
56556624667,jackie_.cooper,Jackie Cooper,False,,False,3132991370443270996_56556624667,https://instagram.fcai19-8.fna.fbcdn.net/v/t51.2885-19/356099400_586044100083275_3689465807367822635_n.jpg?stp=dst-jpg_s150x150_tt6&efg=eyJ2ZW5jb2RlX3RhZyI6InByb2ZpbGVfcGljLmRqYW5nby4xMDgwLmMyIn0&_nc_ht=instagram.fcai19-8.fna.fbcdn.net&_nc_cat=111&_nc_oc=Q6cZ2gEc2IuhVJWfjY91cGk214J1H5ZbgzIfin1KV0Zr_rxitr9ddcTowQqbpG0YdVdMGmk&_nc_ohc=FBM97UsJDlIQ7kNvwHmAL2g&_nc_gid=wD_gd8U74ZPMkzPstE5UUw&edm=ALB854YBAAAA&ccb=7-5&oh=00_AQHz_BPw--zKDSBQO-FdCWuwTcOyiuHeGJzYbgYrhScfmg&oe=6A78E7AB&_nc_sid=ce9561
7006988,krgold,Kenny Gold,False,,False,3779747044178095254_7006988,https://instagram.fcai19-8.fna.fbcdn.net/v/t51.82787-19/591140134_18547416187030989_4108031386108359454_n.jpg?stp=dst-jpg_s150x150_tt6&efg=eyJ2ZW5jb2RlX3RhZyI6InByb2ZpbGVfcGljLmRqYW5nby41OTAuYzIifQ&_nc_ht=instagram.fcai19-8.fna.fbcdn.net&_nc_cat=109&_nc_oc=Q6cZ2gEc2IuhVJWfjY91cGk214J1H5ZbgzIfin1KV0Zr_rxitr9ddcTowQqbpG0YdVdMGmk&_nc_ohc=3X0lwmnhEucQ7kNvwEMLFJr&_nc_gid=wD_gd8U74ZPMkzPstE5UUw&edm=ALB854YBAAAA&ccb=7-5&oh=00_AQGb06a6SeZO8yvwImgQGDJWLgOew7denu3iW72fM1p75w&oe=6A78E9CC&_nc_sid=ce9561
5517069425,bernardgarby,Bernard Garby,False,,False,3732634447305847046_5517069425,https://instagram.fcai19-8.fna.fbcdn.net/v/t51.82787-19/557196372_18379532218181426_5813692882069169757_n.jpg?stp=dst-jpg_s150x150_tt6&efg=eyJ2ZW5jb2RlX3RhZyI6InByb2ZpbGVfcGljLmRqYW5nby4xMDgwLmMyIn0&_nc_ht=instagram.fcai19-8.fna.fbcdn.net&_nc_cat=102&_nc_oc=Q6cZ2gEc2IuhVJWfjY91cGk214J1H5ZbgzIfin1KV0Zr_rxitr9ddcTowQqbpG0YdVdMGmk&_nc_ohc=UDvXz_c59g8Q7kNvwEHVtZf&_nc_gid=wD_gd8U74ZPMkzPstE5UUw&edm=ALB854YBAAAA&ccb=7-5&oh=00_AQGhJwKO93YDwLse1Yz90oFkSBQ7fweh4__Jz00UxFutFQ&oe=6A78BBCA&_nc_sid=ce9561
57581791193,paigelewinofficial,Paige Lewin,False,,False,3797447894807352978_57581791193,https://instagram.fcai19-8.fna.fbcdn.net/v/t51.82787-19/607415960_17989410899919194_8429905024838602222_n.jpg?stp=dst-jpg_s150x150_tt6&efg=eyJ2ZW5jb2RlX3RhZyI6InByb2ZpbGVfcGljLmRqYW5nby4xMDgwLmMyIn0&_nc_ht=instagram.fcai19-8.fna.fbcdn.net&_nc_cat=102&_nc_oc=Q6cZ2gEc2IuhVJWfjY91cGk214J1H5ZbgzIfin1KV0Zr_rxitr9ddcTowQqbpG0YdVdMGmk&_nc_ohc=Hio11RwAEIoQ7kNvwE5-zJB&_nc_gid=wD_gd8U74ZPMkzPstE5UUw&edm=ALB854YBAAAA&ccb=7-5&oh=00_AQH-mJ4PyGfNNTmldHHmoMxf9Nz6BlyYPK0zst0DrtlrlQ&oe=6A78D504&_nc_sid=ce9561
6454567,theageedit,Adriana Cicero-Oringi,False,,False,3726690831840195101_6454567,https://instagram.fcai19-8.fna.fbcdn.net/v/t51.82787-19/551333612_18527975812054568_5322134713013607054_n.jpg?stp=dst-jpg_s150x150_tt6&efg=eyJ2ZW5jb2RlX3RhZyI6InByb2ZpbGVfcGljLmRqYW5nby44MjkuYzIifQ&_nc_ht=instagram.fcai19-8.fna.fbcdn.net&_nc_cat=108&_nc_oc=Q6cZ2gEc2IuhVJWfjY91cGk214J1H5ZbgzIfin1KV0Zr_rxitr9ddcTowQqbpG0YdVdMGmk&_nc_ohc=UIFe-5_pdJYQ7kNvwHoCG2F&_nc_gid=wD_gd8U74ZPMkzPstE5UUw&edm=ALB854YBAAAA&ccb=7-5&oh=00_AQExB4xfCR92U6EABrN2ob2pJbZ5Z-XNEHHiheE9hW9g1Q&oe=6A78E17A&_nc_sid=ce9561
1475315285,milkhoneybees,Milk Honey Bees🐝,False,,False,2038602516221708936_1475315285,https://instagram.fcai19-8.fna.fbcdn.net/v/t51.2885-19/59274025_313077189589923_2397909906695913472_n.jpg?stp=dst-jpg_s150x150_tt6&efg=eyJ2ZW5jb2RlX3RhZyI6InByb2ZpbGVfcGljLmRqYW5nby4xMDgwLmMyIn0&_nc_ht=instagram.fcai19-8.fna.fbcdn.net&_nc_cat=103&_nc_oc=Q6cZ2gEc2IuhVJWfjY91cGk214J1H5ZbgzIfin1KV0Zr_rxitr9ddcTowQqbpG0YdVdMGmk&_nc_ohc=AvDlVlYUHxIQ7kNvwHnhkH7&_nc_gid=wD_gd8U74ZPMkzPstE5UUw&edm=ALB854YBAAAA&ccb=7-5&oh=00_AQF7maPtuaF5gScpQ5HkMENECCpxqIZBEqUo5f2krdb1pg&oe=6A78BBEC&_nc_sid=ce9561
1536880036,jayshetty,Jay Shetty,False,,False,3345607269461816528_1536880036,https://instagram.fcai19-8.fna.fbcdn.net/v/t51.2885-19/438505590_1114220766368671_7108854087875204116_n.jpg?stp=dst-jpg_s150x150_tt6&efg=eyJ2ZW5jb2RlX3RhZyI6InByb2ZpbGVfcGljLmRqYW5nby4xMDgwLmMyIn0&_nc_ht=instagram.fcai19-8.fna.fbcdn.net&_nc_cat=1&_nc_oc=Q6cZ2gEc2IuhVJWfjY91cGk214J1H5ZbgzIfin1KV0Zr_rxitr9ddcTowQqbpG0YdVdMGmk&_nc_ohc=l11ZUTJunxYQ7kNvwG5GV6-&_nc_gid=wD_gd8U74ZPMkzPstE5UUw&edm=ALB854YBAAAA&ccb=7-5&oh=00_AQGdf4gP2IBgegD0sKSelYoOroZOc7U8ibyf4cXY88N3zg&oe=6A78E41A&_nc_sid=ce9561
20968031,earthsignchels,chelsea,False,,False,3954739733679441657_20968031,https://instagram.fcai19-8.fna.fbcdn.net/v/t51.82787-19/763262988_18609681154040032_1628903720644227338_n.jpg?stp=dst-jpg_s150x150_tt6&efg=eyJ2ZW5jb2RlX3RhZyI6InByb2ZpbGVfcGljLmRqYW5nby4xMDgwLmMyIn0&_nc_ht=instagram.fcai19-8.fna.fbcdn.net&_nc_cat=104&_nc_oc=Q6cZ2gEc2IuhVJWfjY91cGk214J1H5ZbgzIfin1KV0Zr_rxitr9ddcTowQqbpG0YdVdMGmk&_nc_ohc=NGoBgi0TLa0Q7kNvwFhwkvw&_nc_gid=wD_gd8U74ZPMkzPstE5UUw&edm=ALB854YBAAAA&ccb=7-5&oh=00_AQH9VZoXsbfHFHwjPg7aiCLldxVvZd4VlcqVjC9SXDYhNw&oe=6A78CDD8&_nc_sid=ce9561
1545216523,lesliemosier,Leslie Mosier,False,,False,3948701384925627769_1545216523,https://instagram.fcai19-8.fna.fbcdn.net/v/t51.82787-19/751784428_18611293969000524_8987153828899200161_n.jpg?stp=dst-jpg_s150x150_tt6&efg=eyJ2ZW5jb2RlX3RhZyI6InByb2ZpbGVfcGljLmRqYW5nby4xMDgwLmMyIn0&_nc_ht=instagram.fcai19-8.fna.fbcdn.net&_nc_cat=100&_nc_oc=Q6cZ2gEc2IuhVJWfjY91cGk214J1H5ZbgzIfin1KV0Zr_rxitr9ddcTowQqbpG0YdVdMGmk&_nc_ohc=_ugzDTFwZBYQ7kNvwHGfqLi&_nc_gid=wD_gd8U74ZPMkzPstE5UUw&edm=ALB854YBAAAA&ccb=7-5&oh=00_AQEjRDBV2TOGdZqhyg3BSyKdbPUGHQxfnd9aVG7DwF_9nQ&oe=6A78F101&_nc_sid=ce9561
272308462,itsdougthepug,Doug the Pug,False,,False,2898924799070643795_272308462,https://instagram.fcai19-8.fna.fbcdn.net/v/t51.2885-19/297475710_601500781363651_8351975528106007611_n.jpg?stp=dst-jpg_s150x150_tt6&efg=eyJ2ZW5jb2RlX3RhZyI6InByb2ZpbGVfcGljLmRqYW5nby43NTAuYzIifQ&_nc_ht=instagram.fcai19-8.fna.fbcdn.net&_nc_cat=107&_nc_oc=Q6cZ2gEc2IuhVJWfjY91cGk214J1H5ZbgzIfin1KV0Zr_rxitr9ddcTowQqbpG0YdVdMGmk&_nc_ohc=jsSpP4UOPhoQ7kNvwG3jQQq&_nc_gid=wD_gd8U74ZPMkzPstE5UUw&edm=ALB854YBAAAA&ccb=7-5&oh=00_AQEt_7KZMeRtUYTg9_mdw0tVJa21i7uHDfA6um2lSoujIw&oe=6A78CEC4&_nc_sid=ce9561
143855435,karissadumbacher,Karissa Dumbacher,False,,False,3254565688391000398_143855435,https://instagram.fcai19-8.fna.fbcdn.net/v/t51.2885-19/408837758_1307806413268975_1257757841005015037_n.jpg?stp=dst-jpg_s150x150_tt6&efg=eyJ2ZW5jb2RlX3RhZyI6InByb2ZpbGVfcGljLmRqYW5nby4xMDgwLmMyIn0&_nc_ht=instagram.fcai19-8.fna.fbcdn.net&_nc_cat=1&_nc_oc=Q6cZ2gEc2IuhVJWfjY91cGk214J1H5ZbgzIfin1KV0Zr_rxitr9ddcTowQqbpG0YdVdMGmk&_nc_ohc=6cbNpnHsoDQQ7kNvwG8U24d&_nc_gid=wD_gd8U74ZPMkzPstE5UUw&edm=ALB854YBAAAA&ccb=7-5&oh=00_AQHRoB-15RNEvXv5VrofnEFuhQ755iOsC03tfQkMzGW8vA&oe=6A78DFC3&_nc_sid=ce9561
9064354,nathandr,Nathan Rosenberg,False,,False,3947967002710947917_9064354,https://instagram.fcai19-8.fna.fbcdn.net/v/t51.82787-19/755867843_18597065275040355_8151749456236461895_n.jpg?stp=dst-jpg_s150x150_tt6&efg=eyJ2ZW5jb2RlX3RhZyI6InByb2ZpbGVfcGljLmRqYW5nby4xMDgwLmMyIn0&_nc_ht=instagram.fcai19-8.fna.fbcdn.net&_nc_cat=103&_nc_oc=Q6cZ2gEc2IuhVJWfjY91cGk214J1H5ZbgzIfin1KV0Zr_rxitr9ddcTowQqbpG0YdVdMGmk&_nc_ohc=RbARjmivbGYQ7kNvwEeF4C6&_nc_gid=wD_gd8U74ZPMkzPstE5UUw&edm=ALB854YBAAAA&ccb=7-5&oh=00_AQGjim8gKMCQu6NVGcu_oONXvH_qW_KTgoZFpagxnxm_cA&oe=6A78C3A4&_nc_sid=ce9561
226181483,themusicalmystique,MystiQuë🔮/miˈstēk/,False,,False,3951967346055542126_226181483,https://instagram.fcai19-8.fna.fbcdn.net/v/t51.82787-19/751766060_18619742953005484_5073398085521993697_n.jpg?stp=dst-jpg_s150x150_tt6&efg=eyJ2ZW5jb2RlX3RhZyI6InByb2ZpbGVfcGljLmRqYW5nby45MjkuYzIifQ&_nc_ht=instagram.fcai19-8.fna.fbcdn.net&_nc_cat=104&_nc_oc=Q6cZ2gEc2IuhVJWfjY91cGk214J1H5ZbgzIfin1KV0Zr_rxitr9ddcTowQqbpG0YdVdMGmk&_nc_ohc=3gU7TfYeqGcQ7kNvwGhxjvg&_nc_gid=wD_gd8U74ZPMkzPstE5UUw&edm=ALB854YBAAAA&ccb=7-5&oh=00_AQHcleOXIcOalTAMtdrbDoYY68UqdHEg_u2F769Qtjg0FQ&oe=6A78DC5E&_nc_sid=ce9561
3102283414,wickdconfections,Sonja F. Norwood,False,,False,3459528530364855699_3102283414,https://instagram.fcai19-8.fna.fbcdn.net/v/t51.2885-19/460394358_2950964061734058_7744087453259913428_n.jpg?stp=dst-jpg_s150x150_tt6&efg=eyJ2ZW5jb2RlX3RhZyI6InByb2ZpbGVfcGljLmRqYW5nby4zMjAuYzIifQ&_nc_ht=instagram.fcai19-8.fna.fbcdn.net&_nc_cat=1&_nc_oc=Q6cZ2gEc2IuhVJWfjY91cGk214J1H5ZbgzIfin1KV0Zr_rxitr9ddcTowQqbpG0YdVdMGmk&_nc_ohc=92HO1q9lCfIQ7kNvwH7VqB3&_nc_gid=wD_gd8U74ZPMkzPstE5UUw&edm=ALB854YBAAAA&ccb=7-5&oh=00_AQF_pSDvr39O2QrUCXYf6mxjXFKz9ujC-I7olh2gQcj-AA&oe=6A78C6F9&_nc_sid=ce9561
300924642,keerabageera_,Keera Bageera,False,,False,3757677138620315576_300924642,https://instagram.fcai19-8.fna.fbcdn.net/v/t51.82787-19/572596124_18541398838060643_6757513506480863806_n.jpg?stp=dst-jpg_s150x150_tt6&efg=eyJ2ZW5jb2RlX3RhZyI6InByb2ZpbGVfcGljLmRqYW5nby4xMDgwLmMyIn0&_nc_ht=instagram.fcai19-8.fna.fbcdn.net&_nc_cat=111&_nc_oc=Q6cZ2gEc2IuhVJWfjY91cGk214J1H5ZbgzIfin1KV0Zr_rxitr9ddcTowQqbpG0YdVdMGmk&_nc_ohc=17BkZAuAbr8Q7kNvwGcCsQL&_nc_gid=wD_gd8U74ZPMkzPstE5UUw&edm=ALB854YBAAAA&ccb=7-5&oh=00_AQGnPYMfI7qOS20bcxejI2szyhbcJM7FE94Diy5ZsV6new&oe=6A78CD6E&_nc_sid=ce9561
868265693,deleicedrane,De'Leice Drane,False,,False,1418366646494741643_868265693,https://instagram.fcai19-8.fna.fbcdn.net/v/t51.2885-19/15876062_362309867475554_7541382742601105408_a.jpg?stp=dst-jpg_s150x150_tt6&efg=eyJ2ZW5jb2RlX3RhZyI6InByb2ZpbGVfcGljLmRqYW5nby4xMDU3LmMyIn0&_nc_ht=instagram.fcai19-8.fna.fbcdn.net&_nc_cat=102&_nc_oc=Q6cZ2gEc2IuhVJWfjY91cGk214J1H5ZbgzIfin1KV0Zr_rxitr9ddcTowQqbpG0YdVdMGmk&_nc_ohc=nXNhKi2kyKcQ7kNvwE8NXTe&_nc_gid=wD_gd8U74ZPMkzPstE5UUw&edm=ALB854YBAAAA&ccb=7-5&oh=00_AQEHGVYDI8L6e5MU3Dweo_S7VdOiWvLxjgAS_cCiL8bA5w&oe=6A78E96F&_nc_sid=ce9561
710186258,berniceaking,Bernice A. King,False,,False,3854505548767439059_710186258,https://instagram.fcai19-8.fna.fbcdn.net/v/t51.82787-19/653533377_18573371719042259_460336661821093682_n.jpg?stp=dst-jpg_s150x150_tt6&efg=eyJ2ZW5jb2RlX3RhZyI6InByb2ZpbGVfcGljLmRqYW5nby42ODIuYzIifQ&_nc_ht=instagram.fcai19-8.fna.fbcdn.net&_nc_cat=111&_nc_oc=Q6cZ2gEc2IuhVJWfjY91cGk214J1H5ZbgzIfin1KV0Zr_rxitr9ddcTowQqbpG0YdVdMGmk&_nc_ohc=tiZLA7ob4nYQ7kNvwFfFSBx&_nc_gid=wD_gd8U74ZPMkzPstE5UUw&edm=ALB854YBAAAA&ccb=7-5&oh=00_AQH1Osq_4rx5oiJ4kYFtYEwpa-Ll-NGP1kU6rEcy4sLLWg&oe=6A78BB96&_nc_sid=ce9561
7681640119,introvertarthandle,UFO,False,,False,3939808428109261322_7681640119,https://instagram.fcai19-8.fna.fbcdn.net/v/t51.82787-19/746369142_18328801819256120_4445038065716659817_n.jpg?stp=dst-jpg_s150x150_tt6&efg=eyJ2ZW5jb2RlX3RhZyI6InByb2ZpbGVfcGljLmRqYW5nby43MzYuYzIifQ&_nc_ht=instagram.fcai19-8.fna.fbcdn.net&_nc_cat=108&_nc_oc=Q6cZ2gEc2IuhVJWfjY91cGk214J1H5ZbgzIfin1KV0Zr_rxitr9ddcTowQqbpG0YdVdMGmk&_nc_ohc=FjpeBWY5e_cQ7kNvwH5Afbh&_nc_gid=wD_gd8U74ZPMkzPstE5UUw&edm=ALB854YBAAAA&ccb=7-5&oh=00_AQET9Ro0sLAc_NzfwRPOivRcV6NrJwlbfiTkFKTOn2FFEw&oe=6A78C488&_nc_sid=ce9561
374212448,naomismbln,Naomi Simbolon,False,,False,3817814673370197247_374212448,https://instagram.fcai19-8.fna.fbcdn.net/v/t51.82787-19/621220259_18550860499004449_3287626627820001690_n.jpg?stp=dst-jpg_s150x150_tt6&efg=eyJ2ZW5jb2RlX3RhZyI6InByb2ZpbGVfcGljLmRqYW5nby4xMDgwLmMyIn0&_nc_ht=instagram.fcai19-8.fna.fbcdn.net&_nc_cat=1&_nc_oc=Q6cZ2gEc2IuhVJWfjY91cGk214J1H5ZbgzIfin1KV0Zr_rxitr9ddcTowQqbpG0YdVdMGmk&_nc_ohc=WQ0GJoo8jHQQ7kNvwGv7drL&_nc_gid=wD_gd8U74ZPMkzPstE5UUw&edm=ALB854YBAAAA&ccb=7-5&oh=00_AQH-8hAguByEl1NceKlzqj_D7nmkhCp-eTMYcj7u76buCg&oe=6A78C4B3&_nc_sid=ce9561
7258442017,yeshidesigns,Sophia Yeshi,False,,False,3912973884619175866_7258442017,https://instagram.fcai19-8.fna.fbcdn.net/v/t51.82787-19/718659783_18354566092242018_2645929974936964486_n.jpg?stp=dst-jpg_s150x150_tt6&efg=eyJ2ZW5jb2RlX3RhZyI6InByb2ZpbGVfcGljLmRqYW5nby43NDguYzIifQ&_nc_ht=instagram.fcai19-8.fna.fbcdn.net&_nc_cat=106&_nc_oc=Q6cZ2gEc2IuhVJWfjY91cGk214J1H5ZbgzIfin1KV0Zr_rxitr9ddcTowQqbpG0YdVdMGmk&_nc_ohc=0MpgD5JYOw0Q7kNvwE5Qnq8&_nc_gid=wD_gd8U74ZPMkzPstE5UUw&edm=ALB854YBAAAA&ccb=7-5&oh=00_AQFwYd9aVcrZgpNfkyA00ffi574jsd1cDtLxFlUfhqvP0Q&oe=6A78DD52&_nc_sid=ce9561
19965390,shakira_javonni,Shakira Javonni,False,,False,3901589514540358448_19965390,https://instagram.fcai19-8.fna.fbcdn.net/v/t51.82787-19/703503751_18587196562061391_8382157406407181379_n.jpg?stp=dst-jpg_s150x150_tt6&efg=eyJ2ZW5jb2RlX3RhZyI6InByb2ZpbGVfcGljLmRqYW5nby45NTAuYzIifQ&_nc_ht=instagram.fcai19-8.fna.fbcdn.net&_nc_cat=103&_nc_oc=Q6cZ2gEc2IuhVJWfjY91cGk214J1H5ZbgzIfin1KV0Zr_rxitr9ddcTowQqbpG0YdVdMGmk&_nc_ohc=RevfVlxQWgoQ7kNvwHOsvc-&_nc_gid=wD_gd8U74ZPMkzPstE5UUw&edm=ALB854YBAAAA&ccb=7-5&oh=00_AQFmLaSQVqfq8cZbu2NdEvcYVnujBi_f4biFaDfUQ20IWA&oe=6A78C841&_nc_sid=ce9561
36592340,biltace.melo,Biltace Baby,False,,False,3342140601733262563_36592340,https://instagram.fcai19-8.fna.fbcdn.net/v/t51.2885-19/437060507_419111764051081_6312571275892440362_n.jpg?stp=dst-jpg_s150x150_tt6&efg=eyJ2ZW5jb2RlX3RhZyI6InByb2ZpbGVfcGljLmRqYW5nby4zOTUuYzIifQ&_nc_ht=instagram.fcai19-8.fna.fbcdn.net&_nc_cat=101&_nc_oc=Q6cZ2gEc2IuhVJWfjY91cGk214J1H5ZbgzIfin1KV0Zr_rxitr9ddcTowQqbpG0YdVdMGmk&_nc_ohc=wjkUX4PJBdYQ7kNvwG9p6iK&_nc_gid=wD_gd8U74ZPMkzPstE5UUw&edm=ALB854YBAAAA&ccb=7-5&oh=00_AQHitRMYW0jauLWilU5D9bw2BrTMa2z5p4tMwUHu2-YSOg&oe=6A78EECE&_nc_sid=ce9561
236467924,_teesymone,Tiana Symone,True,,False,3679689910226510437_236467924,https://instagram.fcai19-8.fna.fbcdn.net/v/t51.82787-19/520632307_18518073670051925_2584271109224296838_n.jpg?stp=dst-jpg_s150x150_tt6&efg=eyJ2ZW5jb2RlX3RhZyI6InByb2ZpbGVfcGljLmRqYW5nby4xMDgwLmMyIn0&_nc_ht=instagram.fcai19-8.fna.fbcdn.net&_nc_cat=105&_nc_oc=Q6cZ2gEc2IuhVJWfjY91cGk214J1H5ZbgzIfin1KV0Zr_rxitr9ddcTowQqbpG0YdVdMGmk&_nc_ohc=quCvxqtLyCgQ7kNvwG4cA4H&_nc_gid=wD_gd8U74ZPMkzPstE5UUw&edm=ALB854YBAAAA&ccb=7-5&oh=00_AQGhgYDN1wt7lgjIpfWcZyz8Zs4xb71g7NBT3ztrHG7CqA&oe=6A78E50F&_nc_sid=ce9561
189535300,whoopigoldberg,WhoopiGoldberg,False,,False,,https://instagram.fcai19-8.fna.fbcdn.net/v/t51.2885-19/11375784_1044847102206866_902147581_a.jpg?stp=dst-jpg_s150x150_tt6&efg=eyJ2ZW5jb2RlX3RhZyI6InByb2ZpbGVfcGljLmRqYW5nby4xNTAuYzIifQ&_nc_ht=instagram.fcai19-8.fna.fbcdn.net&_nc_cat=102&_nc_oc=Q6cZ2gEc2IuhVJWfjY91cGk214J1H5ZbgzIfin1KV0Zr_rxitr9ddcTowQqbpG0YdVdMGmk&_nc_ohc=OXlw95b4FtoQ7kNvwG2ThDG&_nc_gid=wD_gd8U74ZPMkzPstE5UUw&edm=ALB854YBAAAA&ccb=7-5&oh=00_AQEkwRfcHIuRmq5Xdw83HSx6LnCOZoHWg6iFjVnfJKFHzg&oe=6A78C001&_nc_sid=ce9561
50400763,igobymal,Mal Wright,False,,False,3512071212765652818_50400763,https://instagram.fcai19-8.fna.fbcdn.net/v/t51.2885-19/468620342_1097009508692440_9157569808435500367_n.jpg?stp=dst-jpg_s150x150_tt6&efg=eyJ2ZW5jb2RlX3RhZyI6InByb2ZpbGVfcGljLmRqYW5nby4xMDgwLmMyIn0&_nc_ht=instagram.fcai19-8.fna.fbcdn.net&_nc_cat=104&_nc_oc=Q6cZ2gEc2IuhVJWfjY91cGk214J1H5ZbgzIfin1KV0Zr_rxitr9ddcTowQqbpG0YdVdMGmk&_nc_ohc=IBB6XgjVgxoQ7kNvwEKDrSw&_nc_gid=wD_gd8U74ZPMkzPstE5UUw&edm=ALB854YBAAAA&ccb=7-5&oh=00_AQF_rXMFKj6q71r4JaQtRCqyrUY_iDfLc6xpqGvkgEG8Pw&oe=6A78E805&_nc_sid=ce9561
397252990,jasonbardyarmosky,Jason Bard Yarmosky,False,,False,2978396094024220170_397252990,https://instagram.fcai19-8.fna.fbcdn.net/v/t51.2885-19/316793222_2040510959485317_806204452187870919_n.jpg?stp=dst-jpg_s150x150_tt6&efg=eyJ2ZW5jb2RlX3RhZyI6InByb2ZpbGVfcGljLmRqYW5nby44NzQuYzIifQ&_nc_ht=instagram.fcai19-8.fna.fbcdn.net&_nc_cat=109&_nc_oc=Q6cZ2gEc2IuhVJWfjY91cGk214J1H5ZbgzIfin1KV0Zr_rxitr9ddcTowQqbpG0YdVdMGmk&_nc_ohc=7DxXX8q_tPYQ7kNvwHBqMEV&_nc_gid=wD_gd8U74ZPMkzPstE5UUw&edm=ALB854YBAAAA&ccb=7-5&oh=00_AQF-ov9VdogX_3gszGGte5SsPWetl2B1gvVCbrz-pZ_pmA&oe=6A78D63D&_nc_sid=ce9561
14483446364,woah.alyssaa24,Alyssa Sedler | 𝑄𝑢𝑒𝑒𝑛 of all trades,False,,False,3818358135078164674_14483446364,https://instagram.fcai19-8.fna.fbcdn.net/v/t51.82787-19/621582503_18139464760486365_2555779857369687306_n.jpg?stp=dst-jpg_s150x150_tt6&efg=eyJ2ZW5jb2RlX3RhZyI6InByb2ZpbGVfcGljLmRqYW5nby4xMDgwLmMyIn0&_nc_ht=instagram.fcai19-8.fna.fbcdn.net&_nc_cat=109&_nc_oc=Q6cZ2gEc2IuhVJWfjY91cGk214J1H5ZbgzIfin1KV0Zr_rxitr9ddcTowQqbpG0YdVdMGmk&_nc_ohc=p_s6Q95VeLMQ7kNvwG5LhMV&_nc_gid=wD_gd8U74ZPMkzPstE5UUw&edm=ALB854YBAAAA&ccb=7-5&oh=00_AQFN5bIIEcVOHCmfSDHQV_gBCyiMzGElPhxJJI8RCjRS8w&oe=6A78C55D&_nc_sid=ce9561
25185692,machinegunkelly,mgk,False,,False,3652126899943961971_25185692,https://instagram.fcai19-8.fna.fbcdn.net/v/t51.2885-19/505464959_18514053754033693_5664755438166504064_n.jpg?stp=dst-jpg_s150x150_tt6&efg=eyJ2ZW5jb2RlX3RhZyI6InByb2ZpbGVfcGljLmRqYW5nby4xMDgwLmMyIn0&_nc_ht=instagram.fcai19-8.fna.fbcdn.net&_nc_cat=1&_nc_oc=Q6cZ2gEc2IuhVJWfjY91cGk214J1H5ZbgzIfin1KV0Zr_rxitr9ddcTowQqbpG0YdVdMGmk&_nc_ohc=YAwF7bZKftkQ7kNvwGKkmsv&_nc_gid=wD_gd8U74ZPMkzPstE5UUw&edm=ALB854YBAAAA&ccb=7-5&oh=00_AQED9znhJIe-pC9evs-hS_DLaf6nN91fIXBtSngb2dkvrA&oe=6A78C4F1&_nc_sid=ce9561
67360230614,techababy,Enzo | The Boy Who Eats,False,,False,3803139028640672781_67360230614,https://instagram.fcai19-8.fna.fbcdn.net/v/t51.82787-19/610609589_17918463978246615_2237127221543636960_n.jpg?stp=dst-jpg_s150x150_tt6&efg=eyJ2ZW5jb2RlX3RhZyI6InByb2ZpbGVfcGljLmRqYW5nby4xMDgwLmMyIn0&_nc_ht=instagram.fcai19-8.fna.fbcdn.net&_nc_cat=1&_nc_oc=Q6cZ2gEc2IuhVJWfjY91cGk214J1H5ZbgzIfin1KV0Zr_rxitr9ddcTowQqbpG0YdVdMGmk&_nc_ohc=FVQ-c9RHJ-oQ7kNvwFrEnI0&_nc_gid=wD_gd8U74ZPMkzPstE5UUw&edm=ALB854YBAAAA&ccb=7-5&oh=00_AQFFNz8EeMGtk_x5BLpju4P86rsRu15Qk0HGTjAKqVN2rQ&oe=6A78F0C8&_nc_sid=ce9561
77743728459,bebexinhxinh0603,BebexinhxinhStudio,False,,False,3790901606754140235_77743728459,https://instagram.fcai19-8.fna.fbcdn.net/v/t51.82787-19/599031949_17855623338584460_1310429039007602549_n.jpg?stp=dst-jpg_s150x150_tt6&efg=eyJ2ZW5jb2RlX3RhZyI6InByb2ZpbGVfcGljLmRqYW5nby41NzYuYzIifQ&_nc_ht=instagram.fcai19-8.fna.fbcdn.net&_nc_cat=100&_nc_oc=Q6cZ2gEc2IuhVJWfjY91cGk214J1H5ZbgzIfin1KV0Zr_rxitr9ddcTowQqbpG0YdVdMGmk&_nc_ohc=HSqrgv0G7JUQ7kNvwF_gKwW&_nc_gid=wD_gd8U74ZPMkzPstE5UUw&edm=ALB854YBAAAA&ccb=7-5&oh=00_AQFe7uWjMlqSnVVyJ5HQMFxoqWP0vkFmVQtiJc-cgV8fVw&oe=6A78BB87&_nc_sid=ce9561
187551186,crissyadoll,Crissy Doll,False,,False,3956712710549068192_187551186,https://instagram.fcai19-8.fna.fbcdn.net/v/t51.82787-19/765297623_18612777670031187_2018672722026346797_n.jpg?stp=dst-jpg_s150x150_tt6&efg=eyJ2ZW5jb2RlX3RhZyI6InByb2ZpbGVfcGljLmRqYW5nby4xMDgwLmMyIn0&_nc_ht=instagram.fcai19-8.fna.fbcdn.net&_nc_cat=103&_nc_oc=Q6cZ2gEc2IuhVJWfjY91cGk214J1H5ZbgzIfin1KV0Zr_rxitr9ddcTowQqbpG0YdVdMGmk&_nc_ohc=mNpO8xvqFlIQ7kNvwHzxoGf&_nc_gid=wD_gd8U74ZPMkzPstE5UUw&edm=ALB854YBAAAA&ccb=7-5&oh=00_AQEkGPqGMlOkTtTR5GiT85W6BV9tKJrpNNYOhTLdfhjxwQ&oe=6A78E923&_nc_sid=ce9561
18505321,talayriley,⚜️TALAY ‘Y!NKA’ RILEY⚜️,False,,False,3944726813599370168_18505321,https://instagram.fcai19-8.fna.fbcdn.net/v/t51.82787-19/752268564_18607988245009322_2859103255464625685_n.jpg?stp=dst-jpg_s150x150_tt6&efg=eyJ2ZW5jb2RlX3RhZyI6InByb2ZpbGVfcGljLmRqYW5nby4xMDgwLmMyIn0&_nc_ht=instagram.fcai19-8.fna.fbcdn.net&_nc_cat=102&_nc_oc=Q6cZ2gEc2IuhVJWfjY91cGk214J1H5ZbgzIfin1KV0Zr_rxitr9ddcTowQqbpG0YdVdMGmk&_nc_ohc=mhEggFKAacQQ7kNvwGIM8v4&_nc_gid=wD_gd8U74ZPMkzPstE5UUw&edm=ALB854YBAAAA&ccb=7-5&oh=00_AQGahSILgR7MnW2XwdsKing7urCNl4S2uZwNT2MhiM5T_w&oe=6A78CAB6&_nc_sid=ce9561
249343548,humanexperiencecreations,David Block,False,,False,2550753154052865731_249343548,https://instagram.fcai19-8.fna.fbcdn.net/v/t51.2885-19/173170115_298117071834174_876029249508516269_n.jpg?stp=dst-jpg_s150x150_tt6&efg=eyJ2ZW5jb2RlX3RhZyI6InByb2ZpbGVfcGljLmRqYW5nby42NjcuYzIifQ&_nc_ht=instagram.fcai19-8.fna.fbcdn.net&_nc_cat=106&_nc_oc=Q6cZ2gEc2IuhVJWfjY91cGk214J1H5ZbgzIfin1KV0Zr_rxitr9ddcTowQqbpG0YdVdMGmk&_nc_ohc=TCfLghOaTy0Q7kNvwHLY27n&_nc_gid=wD_gd8U74ZPMkzPstE5UUw&edm=ALB854YBAAAA&ccb=7-5&oh=00_AQFEpnzpUr2iTbHhmZvhvLVtfa_zO5Zbza72LcMb7_NHeA&oe=6A78C65F&_nc_sid=ce9561
34343814,sbr14,Sammy💭,False,,False,,https://instagram.fcai19-8.fna.fbcdn.net/v/t51.2885-19/12547507_746658588801663_702594506_a.jpg?stp=dst-jpg_s150x150_tt6&efg=eyJ2ZW5jb2RlX3RhZyI6InByb2ZpbGVfcGljLmRqYW5nby45NjAuYzIifQ&_nc_ht=instagram.fcai19-8.fna.fbcdn.net&_nc_cat=103&_nc_oc=Q6cZ2gEc2IuhVJWfjY91cGk214J1H5ZbgzIfin1KV0Zr_rxitr9ddcTowQqbpG0YdVdMGmk&_nc_ohc=hhZC_2dsuAQQ7kNvwFNTXBj&_nc_gid=wD_gd8U74ZPMkzPstE5UUw&edm=ALB854YBAAAA&ccb=7-5&oh=00_AQFdxDJMsNlHTcZ4qfnMhBOGbUBzp0nL4lIZidMtSgmNiA&oe=6A78C526&_nc_sid=ce9561
311544913,jeffhamilton,Jeff Hamilton,False,,False,2358256178605537365_311544913,https://instagram.fcai19-8.fna.fbcdn.net/v/t51.2885-19/110051574_1201488503534038_2394006117072624678_n.jpg?stp=dst-jpg_s150x150_tt6&efg=eyJ2ZW5jb2RlX3RhZyI6InByb2ZpbGVfcGljLmRqYW5nby40NTUuYzIifQ&_nc_ht=instagram.fcai19-8.fna.fbcdn.net&_nc_cat=110&_nc_oc=Q6cZ2gEc2IuhVJWfjY91cGk214J1H5ZbgzIfin1KV0Zr_rxitr9ddcTowQqbpG0YdVdMGmk&_nc_ohc=qpGVwbL6tAkQ7kNvwHUODth&_nc_gid=wD_gd8U74ZPMkzPstE5UUw&edm=ALB854YBAAAA&ccb=7-5&oh=00_AQF5J5pXq4fa7Yk-NWLAINGINU_XyZpw-vhygNDxSY8L7Q&oe=6A78C04A&_nc_sid=ce9561
1435282057,sharonstone,Sharon Stone,False,,False,3953673174231737595_1435282057,https://instagram.fcai19-8.fna.fbcdn.net/v/t51.82787-19/756745277_18614828179018058_7879600747232083171_n.jpg?stp=dst-jpg_s150x150_tt6&efg=eyJ2ZW5jb2RlX3RhZyI6InByb2ZpbGVfcGljLmRqYW5nby4xMDgwLmMyIn0&_nc_ht=instagram.fcai19-8.fna.fbcdn.net&_nc_cat=1&_nc_oc=Q6cZ2gEc2IuhVJWfjY91cGk214J1H5ZbgzIfin1KV0Zr_rxitr9ddcTowQqbpG0YdVdMGmk&_nc_ohc=F8JuSVTXF-EQ7kNvwGqq3bv&_nc_gid=wD_gd8U74ZPMkzPstE5UUw&edm=ALB854YBAAAA&ccb=7-5&oh=00_AQFc6GIjBDVIiAnA1YioGmtIW1b37oaP47ULSXWo3FpqDQ&oe=6A78EC42&_nc_sid=ce9561
630056992,gabrielle_dennis,Gabrielle Dennis,False,,False,1566807204193971026_630056992,https://instagram.fcai19-8.fna.fbcdn.net/v/t51.2885-19/20214708_753964748109455_1769791649988214784_a.jpg?stp=dst-jpg_s150x150_tt6&efg=eyJ2ZW5jb2RlX3RhZyI6InByb2ZpbGVfcGljLmRqYW5nby4xMDgwLmMyIn0&_nc_ht=instagram.fcai19-8.fna.fbcdn.net&_nc_cat=111&_nc_oc=Q6cZ2gEc2IuhVJWfjY91cGk214J1H5ZbgzIfin1KV0Zr_rxitr9ddcTowQqbpG0YdVdMGmk&_nc_ohc=vRD1PndnE_gQ7kNvwGGKaBO&_nc_gid=wD_gd8U74ZPMkzPstE5UUw&edm=ALB854YBAAAA&ccb=7-5&oh=00_AQG0R3qOgYHXZZcaZovGPfKZzN_hBNVPLFl7yjGdlZbocg&oe=6A78D100&_nc_sid=ce9561
